slug,title,was_len,proposed_len,proposed
tyumen-tobolsk,Тобольск на 2 дня,280,119,"Столица Сибири XVII века: кремль, Софийско-Успенский собор, Рентерея, тюремный замок и нижний посад по Прямскому взвозу"
tyumen-verhniy-bor,Верхний Бор,239,53,Главный термальный выезд Тюмени: открытый бассейн +38
restobar-gril-39-6380628b9056eb66b1799f31,Рестобар гриль 39,225,35,Главная мясная точка города Королёв
klub-depo-6752fb0ef04d41ae6455fd6f,клуб Депо,221,45,Популярный ночной и концертный клуб в Гатчине
punk-fiction-5a78873b519f7b001b70d80d,Punk Fiction,221,93,"Культовый оплот столичного панк-рока и скейт-культуры, расположенный в арт-кластере «Авиатор»"
osobnyak-polovcova-6009628f4511049dd531795d,Особняк Половцова,221,104,Архитектурная жемчужина Санкт-Петербурга с великолепно сохранившимися историческими интерьерами XIX века
dzen-bistro-6a041e8e3616157efa5350f4,Дзен Бистро,221,80,Стильное гастрономическое пространство в Нижнем Новгороде с паназиатским уклоном
svoboda-malyi-zal-685d453fac04bbedb3417f7f,Свобода (Малый зал),221,65,Камерная концертная сцена популярного московского клуба «Свобода»
rok-bar-dom-rm-65e17f5ad7ee6930b8980ab7,Рок бар ДОМ RM,221,93,Культовое новосибирское музыкальное подполье для истинных ценителей тяжелого гитарного саунда
bagrationa-49-6a2da279c0532357d5236eff,Багратиона 49,221,70,Важный деловой и общественный центр в историческом районе Калининграда
restoran-nor-bayazet-6273eb91281f1c7249770abf,Ресторан Нор Баязет,221,97,"Просторный и гостеприимный кавказский ресторан в Челябинске, славящийся своим кулинарным размахом"
stereopeople-64e72392cc4836a5df632812,StereoPeople,221,81,Культовый столичный бар-подвал с неповторимой интеллигентно-бунтарской атмосферой
klub-fasol-67e7a67a9ced0b9277f162c0,Клуб FASOLЬ,221,78,Стильный и масштабный караоке-клуб премиум-класса на левом берегу Новосибирска
klub-izi-5be3f91b6cc8f6000b0945a0,Izi Moscow,221,87,"Популярный ночной клуб в центре столицы, эпицентр шумных молодежных вечеринок и препати"
kulturnyi-centr-pivzavod-61e5bf7e99859eb95cf1009c,Культурный Центр PIVZAVOD,221,88,Прогрессивное мультиформатное арт-пространство в историческом здании из красного кирпича
ufa-arena-5ab365c9515e35001baac292,Уфа-Арена,221,86,Главный ледовый дворец Башкортостана и домашняя арена хоккейного клуба «Салават Юлаев»
bar-peterburgchiki-66b24ca0e9e754809f716d17,Бар «ПетербургЧИКИ»,221,91,Концептуальный питерский бар с ироничным характером и истинно ленинградским гостеприимством
skk-orenburzhe-5d938d5916a406ee7d2eeea8,"СКК ""Оренбуржье""",221,64,Крупнейшая многофункциональная крытая арена Оренбургской области
teatralnyi-zal-gosudarstvennogo-muzeya-v-vysockogo-56e341169cb5382e5cd3a2c7,Театральный зал Государственного музея В. Высоцкого,221,74,Современная театрально-концертная площадка при знаменитом музее на Таганке
siti-5dfe4f5ba7e4a6077eda7f1c,СИТИ,221,71,"Главный центр ночной жизни Дзержинска, законодатель клубной моды города"
rok-bar-bardak-67cf03c47ce379b6beead154,"Рок-бар ""БардаК""",221,90,Бескомпромиссная рок-площадка Иркутска с брутальным интерьером и свободолюбивым характером
klub-ermitazh-60451c795d312eeff1cfea0a,"Клуб ""Эрмитаж""",221,70,Известный ночной концертный клуб Кирова с богатыми клубными традициями
ploschad-pered-chuvashskim-dramteatrom-6a0db36a395e957518d22cb9,Площадь перед Чувашским драмтеатром,221,70,Центральное культурное и общественное сердце Чебоксар на берегу залива
klub-gerc-5e0f4e23fbb228358ab1417b,"Клуб ""Герц""",221,78,Главная концертная и рок-площадка Орла с мощным звуком и драйвовой энергетикой
restoran-otelya-atlant-6a3853585d0b7930d0d74bc6,"Ресторан отеля ""Атлант""",221,78,Светлый приморский ресторан при популярном гостиничном комплексе в Лазаревском
rok-bar-bah-61a85efb372d5d97ec80c1ed,Рок-бар «Бах»,221,99,Атмосферный музыкальный бар в наукограде Дубна с неповторимым интеллигентно-неформальным характером
klub-luuna-59e6280c515e3500191e5cb3,Клуб ЛУУНА,221,80,"Флагманский премиальный ночной клуб Хабаровска, законодатель клубной моды города"
lyustra-bar-5e136c4bb47376fe75d2b06d,Lюстра бар,221,113,Универсальный и невероятно стильный музыкальный бар на Академической с огромной хрустальной люстрой над танцполом
naprotiv-teatra-sovremennik-625af9838532f4ffe3fefe4b,Современник,221,76,Одна из самых атмосферных творческих точек Москвы у фонтана на Чистых прудах
platforma-6a15c938a5fa5f085e50be0b,ПЛАТФОРМА,221,76,Современный ресторан-лаунж в Люберцах с индустриальным дизайном в стиле лофт
otel-ambassador-restoran-nad-oblakami-693ae0a3bf32c29a56724c48,Отель Амбассадор Ресторан Над облаками,221,68,Панорамный ресторан премиум-класса на верхнем этаже роскошного отеля
klub-sobaka-mille-5e0f4ce3e18b122e74c12fe9,"Клуб ""Собака Милле""",221,91,Культовый рок-клуб Твери с многолетней историей и бескомпромиссным андеграундным характером
gamma-more-67ac5c361b058ee4715a5789,Gamma More,221,53,Элегантный столичный ресторан-лаунж на Садовом кольце
ledovyi-dvorec-sporta-im-parysheva-5df8a58d321b864b297e5575,Ледовый Дворец Спорта им. Парышева,221,87,Главная ледовая арена Курганской области и домашний стадион хоккейного клуба «Зауралье»
usadba-kuskovo-bolshoi-dvorec-5757dab69cb5386570cadfd9,"Усадьба ""Кусково"" Большой дворец",221,119,"Блистательный памятник архитектуры и садово-паркового искусства XVIII века, бывшее загородное имение графов Шереметевых"
karaoke-bar-sekretnoe-mesto-68a064a5bcaadf6ca79e0829,"Караоке Бар ""Секретное место""",221,94,"Уединенный караоке-бар премиум-класса в Самаре для тех, кто ценит конфиденциальность и комфорт"
manya-bar-67aa2d4524db4280463026be,Manya Bar,221,58,Уютный лаунж-бар в Новокузнецке с расслабляющей атмосферой
teatr-utyug-6980c57be87f8d844194e67d,Театр «УТЮГ»,221,78,Самобытный и дерзкий независимый театр в историческом центре Нижнего Новгорода
mvc-minvodyekspo-6453b6a2a6297900d84bd976,"МВЦ ""МинводыЭКСПО""",221,93,Крупнейший на Юге России ультрасовременный многофункциональный выставочный и концертный центр
myuzik-pab-chaplin-68aff7da0b038ca771c93b0a,Мьюзик-паб Чаплин,221,106,"Популярный музыкальный паб в Улан-Удэ, пропитанный атмосферой старого кинематографа и европейских традиций"
rok-bar-prb-678a0c58c5a7584b261dcf10,Рок-бар «PRB»,221,71,"Главная рок-точка Орла для тех, в чьих жилах течет рок-н-ролльный драйв"
rk-krasnyi-bolshoi-zal-61a860c04bf4f3be3dc37229,РК «Красный». Большой зал,221,92,Главный масштабный банкетный и концертный зал Смоленска в составе развлекательного комплекса
pivoteka-swabz-61d5b045af1fb82f5eba0fc7,ПИВОТЕКА SWABZ,221,110,"Стильный гастрономический паб в Липецке, сочетающий традиции европейских пивных залов и брутальный лофт-дизайн"
mku-anninskii-dom-kultury-6a300222ac38b297656d4bf1,МКУ «Аннинский Дом Культуры»,221,49,Центральная творческая площадка Аннинского района
kondrovskii-gorodskoi-kulturno-dosugovyi-centr-69257ac972dfcaab139895fa,Кондровский городской культурно-досуговый центр,221,64,Центральный очаг общественной и культурной жизни города Кондрово
tri-topora-6506ffca269e8cc35a0f9289,Три топора,221,82,Аутентичный ирландский паб в Тольятти с шумной и невероятно дружелюбной атмосферой
money-honey-5c74125bfbafc9000bd444b5,MONEY HONEY,221,66,Старейший рок-н-ролл клуб Петербурга на территории Апраксина двора
raionnyi-centr-mesto-vstrechi-sofiya-6863d1e1a7338dcfe7ecd434,Районный центр: «Место встречи София»,221,104,Современное многофункциональное общественное пространство в здании бывшего советского кинотеатра «София»
fabrika-63d1af7dae7e02255dfdfbd6,Фабрика,221,118,"Трендовый гастрономический ресторан в Курске, сочетающий индустриальный дизайн в стиле лофт и концепцию открытой кухни"
korpus-o-67ad08223f384945ae383538,Корпус О,221,79,Главный инновационный и учебный корпус Чувашского государственного университета
klub-soprano-659e37761d432183db51fb7a,клуб Soprano,221,93,"Элегантный караоке-клуб премиум-класса в Иркутске, созданный для ценителей комфортного отдыха"
klub-dom-pechati-5ae8accb519f7b001609bb24,Клуб Дом Печати,221,90,"Концептуальный мультиформатный лофт в здании бывшей типографии, главный арт-кластер Тюмени"
panorama-655f2bc6fdad3a32b3573579,Панорама,221,119,"Высотный ресторанный комплекс в Сочи, откуда открывается завораживающий панорамный вид на Кавказские горы и Черное море"
comedy-hub-club-61e58a9a7322baa944268c94,Comedy Hub Club,221,51,Популярный столичный клуб комедии на Садовом кольце
kulturno-sportivnyi-kompleks-uniks-5970d855515e3500191d3d59,"Культурно-спортивный комплекс ""Уникс""",221,94,"Один из главных концертных залов Казани, расположенный в самом сердце университетского городка"
gastropab-tot-samyi-683ece3d9fc0178829e8bbfa,Гастропаб «Тот самый»,221,104,"Популярный гастропаб в Чебоксарах, сочетающий сильную европейскую кухню и культуру качественных напитков"
kongress-holl-centra-mezhdunarodnoi-torgovli-5d713399ad2e874ebf794a37,Конгресс-холл Центра Международной торговли,221,75,Масштабная и высокотехнологичная бизнес- и концертная площадка Южного Урала
restoran-barnaul-5c01023e2495c9000c941aa4,"Ресторан ""Барнаул""",221,80,Респектабельный классический ресторан в самом центре Барнаула с богатой историей
stendap-klub-na-griboedova-6a3e535b67a87c7cf2741db9,Стендап-клуб на Грибоедова,221,114,"Главная юмористическая Мекка Северной столицы, расположенная в атмосферном историческом подвале у Казанского моста"
mku-dom-kultury-imeni-n-a-bondarenko-67a9c751e962bdf08cbe308b,МКУ Дом Культуры имени Н.А. Бондаренко,221,73,Главный очаг культуры приморского курортного города на Азовском побережье
kitaiskii-letchik-dzhao-da-647504303a782472471855aa,Китайский Летчик Джао Да,221,84,"Культовый столичный музыкальный клуб на Китай-городе, ставший легендой клубной сцены"
loft-hall-61e86fdbbbbf6dcd282d86e8,LOFT HALL,221,87,Грандиозный ивент-лофт премиум-класса на территории бывшего кирпичного завода «Арсенал»
ck-tgu-tomskii-gosudarstvennyi-universitet-5a82c08dd35286001cd13260,ЦК ТГУ (Томский государственный университет),221,80,Главное академическое и творческое ядро одного из старейших университетов Сибири
kozlov-club-unplugged-624c69d8b949160eb15f1bbb,Kozlov Club Unplugged,221,109,"Акустический филиал легендарного Клуба Алексея Козлова, созданный для ценителей камерного и интимного формата"
krasnoyarskii-tyuz-6a3bbc3bb2f1693e010ce25b,Красноярский ТЮЗ,221,76,Красноярский театр юного зрителя – один из ведущих молодёжных театров Сибири
podzemka-5b7d2d3641b7ff000b8610dd,Подземка,221,120,"Крупнейший независимый арт-кластер Сибири, расположенный в уникальном подземном пространстве недостроенной станции метро"
restoran-hofbrau-62938d1fba6a1b1554067fd5,ресторан Hofbrau,221,111,"Грандиозный гастрономический комплекс и ресторан-пивоварня в Кемерово, выполненный в лучших баварских традициях"
rok-bar-varyag-6409ca4d13a955ca75ea9499,Рок-бар «Варяг»,221,84,Главный оплот живой рок-музыки и неформальной культуры в Томске с мощной энергетикой
nastoikin-6a2c66f096879398901eff76,НАСТОЙКИН,221,98,"Душевный концептуальный бар в Отрадном, специализирующийся на культуре правильных домашних настоек"
centr-molodezhi-lider-5a856cc4d35286001bb216cb,"Центр молодежи ""Лидер""",221,66,Главное ядро креативной и общественной жизни молодежи города Ливны
mbuk-raionnyi-dom-kultury-6a225db0b11139e58f546859,"МБУК ""Районный Дом Культуры""",221,78,Душевный казачий дом культуры на родине известного писателя Виталия Закруткина
klub-ozz-6409c3e3dc1f2299d58374cb,"Клуб ""Ozz""",221,87,"Легендарное челябинское рок-прибежище для тех, в чьих жилах течет драйв гитарной музыки"
rock-bar-diesel-69fb9e6a609d7b356217d7f1,Rock Bar DIESEL,221,64,"Для людей, которые любят хорошую музыку рок-, металл направлений"
alcatraz-5d1b29535ba6dd7d280a7d98,Alcatraz,221,91,"Брутальный нижегородский рок-бар в историческом центре, названный в честь знаменитой тюрьмы"
klub-atmosfera-669247aa18c71d12afa693df,Клуб Атмосфера,221,95,"Динамичный танцевальный клуб во Владимире, созданный для любителей безудержного ночного веселья"
fabrika-3-69d8a1458738ea3ba1d5efcd,Фабрика 3,221,96,Прогрессивное мультиформатное концертное пространство на территории культового порта «Севкабель»
rodnya-space-68c6b187952ac633a429fa63,Родня Space,221,98,"Концептуальное творческое пространство в Краснодаре, созданное для развития независимого искусства"
klub-alekseya-kozlova-590854a3515e350016705a52,Клуб Алексея Козлова,221,97,Главная джазовая площадка страны и один из лучших джаз-клубов мира по версии зарубежных рейтингов
sdk-orel-izumrud-6a33ded6fd27ee1e31c0bc3e,СДК «Орел-Изумруд»,221,57,Сельский дом культуры Адлерского района на побережье Сочи
rok-bar-moe-pokolenie-69e09ba78799c9a8bee075b5,"Рок-бар ""МОЁ ПОКОЛЕНИЕ""",221,93,Настоящее прибежище для поклонников классического русского и зарубежного рока в Новочеркасске
bar-tamburin-6a3e58a9ca3fa442035ad6a9,Бар Тамбурин,221,86,Стильный коктейльный бар в историческом центре Красноярска с интеллигентной атмосферой
bar-nora-6244a4f4250b6694cf64e526,бар Нора,221,78,"Камерный и уютный крафтовый бар-подвал в Казани, спрятанный от городской суеты"
lastochka-5f56230dda2ec64587c0ad97,Ласточка,221,81,Прогрессивное мультиформатное концертное пространство в индустриальном лофт-стиле
marsovo-pole-612891be745ce2bb64296d96,Марсово поле,221,72,Живописный и благоустроенный культурно-парковый комплекс на берегу Урала
dom-uchenyh-im-gorkogo-66857e951f171ce2dc6db470,Дом ученых им. Горького,221,95,"Величественная императорская резиденция на Неве, полностью сохранившая свои подлинные интерьеры"
restoran-grand-6a2a13860fc488c78075d7d5,Ресторан Гранд,221,77,Элегантный ресторанный комплекс в Тамбове с роскошным дизайнерским интерьером
kraftov-bar-6a43fb7010e8f956a1d196c0,Крафтовъ Бар,221,98,"Уютный концептуальный бар в Саратове, специализирующийся на культуре качественного крафтового пива"
rvb-irkutsk-627cfab56571798e3b2a711b,РВБ Иркутск,221,61,Флагманский ностальгический бар-клуб Сергея Жукова в Иркутске
restoran-gilyarovskii-6a02019d3991602ae55e769f,Ресторан Гиляровский,220,97,"Изысканный столичный ресторан, названный в честь великого летописца Москвы Владимира Гиляровского"
oranzhereya-tavricheskogo-sada-5dbb038b181410abd3cc7996,Оранжерея Таврического сада,220,80,Волшебный тропический оазис в центре Петербурга под старинным стеклянным куполом
gastropab-357-693c121737506745375533a2,Гастропаб 357,220,43,Стильный приморский гастропаб в Севастополе
koncertnyi-zal-sankt-peterburg-st-petersburg-hall-55803c199cb5381698a52608,"Концертный зал ""Санкт-Петербург""///St.Petersburg Hall",220,89,Парадная видовая концертная площадка отеля «Санкт-Петербург» с панорамными окнами на Неву
faraon-5a5f50d7519f7b0020eaedb7,Фараон,220,117,Одно из крупнейших танцевальных пространств Барнаула с величественным тематическим интерьером в стиле Древнего Египта
lipeckii-oblastnoi-centr-kultury-5846ba19515e35001575d517,Липецкий Областной Центр Культуры,220,66,Главное ядро культурного просвещения и творчества Липецкой области
mauk-kulturno-dosugovoe-obedinenie-6a230de04e519b54a60da9cf,МАУК «Культурно-досуговое объединение»,220,115,"Важный культурный центр сельского поселения, бережно сохраняющий традиции народного творчества Кубани и Ставрополья"
cdk-sozvezdie-5a65baacd352860020a7de39,"ЦДК ""Созвездие""",220,71,Главный культурно-досуговый центр Дмитрова с выразительной архитектурой
koncertnyi-zal-yaani-kirik-57c9d5ca9cb5383c457c9cc5,Концертный зал Яани Кирик,220,76,Действующая лютеранская церковь с безупречными акустическими свойствами зала
kafe-holl-skver-611bd374c6a77f0d27153ac9,"Кафе-Холл ""Сквер""",220,101,Элегантный ресторан-лаунж в Тамбове с панорамными окнами и стильным интерьером с обилием живой зелени
kafe-galereya-lakruassan-665700bbcdfc654207251930,"кафе-галерея ""Лакруассан""",220,26,"Кафе-галерея ""Лакруассан"""
unity-sennaya-6009c4462b7ecc1335ac7299,Unity_Sennaya,220,100,"Ресторан Unity – это сочетание стильного интерьера, вкусной еды, легкой музыки и дружеской атмосферы"
krysha-ibis-6272a2600d14077cda7f1f23,Крыша Ibis,220,69,Трендовая видовая event-площадка в центре столицы у Киевского вокзала
bar-belaya-loshad-67c06c94b2afa4c9ce856565,"Бар ""Белая Лошадь""",220,91,"Исторический концептуальный бар в самом центре Казани с уютной, слегка винтажной атмосферой"
klub-komedii-89-69bac987827a45bb11fdbb4b,Клуб Комедии 89,220,48,Главная юмористическая и стендап-площадка Рязани
klub-calypso-67cef30f06444c83d95ff2b8,"Клуб ""Calypso""",220,52,Флагманский ночной клуб и развлекательный центр Читы
kintana-68e7681ac3af3646c8f00e91,Кинтана,220,50,Трендовый лаунж-бар в современном районе Оренбурга
rossiiskaya-nacionalnaya-biblioteka-5a688e66519f7b001ebe8661,Российская Национальная Библиотека,219,80,"Историческое здание РНБ на Фонтанке, дышащее академической строгостью и величием"
sdk-estosadok-6a33e05e0b728854c43c051c,СДК «Эстосадок»,218,96,"Дом культуры в Красной Поляне, бережно сохраняющий традиции народного творчества горного курорта"
sputnik-bar-restoran-68f8d39c58f8d3dfc4a0f9e9,Спутник Бар-Ресторан,214,93,"Место, где кулинария возведена в ранг искусства, а гостеприимство чувствуется в каждой детали"
dacha-borodino-69ef938ef119058e001c8aca,Дача Бородино,213,52,Дача Бородино — точка встречи для экскурсий в Москва
teplohod-svetoch-69cfde40c357828876af70a8,"Теплоход ""Светоч""",212,35,"Теплоход ""Светоч"" — причал в Москва"
rossiiskaya-nacionalnaya-biblioteka-64aeaff3c346f98f2bd814d6,Российская национальная библиотека,208,82,Российская национальная библиотека — точка встречи для экскурсий в Санкт-Петербург
centr-gorodskoi-kultury-582c46d4d352860016126adf,Центр Городской Культуры,208,62,Центр Городской Культуры — точка встречи для экскурсий в Пермь
veritas-63cfdfa1714f96063f7b3eb2,Veritas,208,112,"Уютный дом для каждого, кому нужно место для выражения своих чувств или же для получения новых эмоций и ощущений"
svoboda-koncert-holl-67d15607778204e6141bdc34,Свобода Концерт Холл,207,86,"Одна из главных независимых концертных площадок Самары, эпицентр живого звука и драйва"
rzhavyi-klyuch-69689cd70797dd0aeaa0acd4,Ржавый Ключ,205,112,"Ржавый ключ — это уникальное пространство, объединяющее в себе атмосферный бар и современную концертную площадку"
teatr-mnak-68c01233aa1e49b6c84ab2df,ТЕАТР МНАК,204,84,"В центре Москвы, в доме, который имеет богатейшую историю: пережившем и пожар 1812 г"
dom-oficerov-zapadnogo-voennogo-okruga-5654ee5d9cb53824ad74bec4,Дом офицеров Западного военного округа,203,86,Дом офицеров Западного военного округа — точка встречи для экскурсий в Санкт-Петербург
fortnight-6a33f3839fa9118f762cb1b2,FORTNIGHT,202,57,FORTNIGHT — точка встречи для экскурсий в Санкт-Петербург
avtodrom-nizhegorodskoe-kolco-5c94e42ac4927c000bdb8c34,Автодром Нижегородское Кольцо,201,69,Автодром Нижегородское Кольцо — спортивная площадка в Нижний Новгород
lebedinoe-ozero-6471c4705f88ee32794e6a52,Лебединое озеро,199,54,Лебединое озеро — точка встречи для экскурсий в Москва
cirk-shapito-fantastic-609a44a7def9ddd10220f528,"Цирк шапито ""FantastiC""",199,82,"Цирк шапито ""FantastiC"" — точка встречи для экскурсий в Чехов (Московская область)"
klub-eclipse-68a2318e570b3d4ed42c170b,Клуб Eclipse,198,102,"Клуб Eclipse - это уютная просторная концертная площадка, расположенная в шаговой доступности от метро"
vstrecha-na-ulice-u-vyhoda-iz-metro-smolenskaya-arbatsko-pokrovskoi-linii-64b51897c24fb942a78793eb,"Встреча на улице, у выхода из метро «Смоленская» Арбатско-Покровской линии",197,113,"Встреча на улице, у выхода из метро «Смоленская» Арбатско-Покровской линии — точка встречи для экскурсий в Москва"
chelyabinsk-turgoyak,Тургояк / остров Веры,196,106,"«Младший брат Байкала»: прозрачное озеро у Миасса, лодка на западный мыс острова Веры, дольмены и экотропа"
art-galereya-kukolnaya-kollekciya-6819b8c011fb9815f5ab2683,"Арт-галерея ""Кукольная коллекция""",196,115,"Галерея приглашает отправиться в путешествие в необычный мир - мир искусства и очарования, в мир кукол и созерцания"
klub-black-tie-6a3cefe34df65d618442244b,Клуб «Black Tie»,195,85,Главная точка притяжения для любителей стильной ночной жизни и танцев в Димитровграде
severnyi-rechnoi-vokzal-teplohod-soyuz-647cd271cd421b640bb2a4c1,"Северный речной вокзал, Теплоход ""Союз""",193,78,"Северный речной вокзал, Теплоход ""Союз"" — точка встречи для экскурсий в Москва"
zheleznodorozhnyi-vokzal-65072389dbb47a1398bbde30,железнодорожный вокзал,193,53,Главные ворота древнего города Золотого кольца России
fontan-rotonda-natalya-i-aleksandr-6a302150fbfeb8d1107a573e,Фонтан-ротонда «Наталья и Александр»,192,75,Фонтан-ротонда «Наталья и Александр» — точка встречи для экскурсий в Москва
plyazh-sanatoriya-mechta-684af4945dcd79a8559f0e34,"Пляж санатория ""Мечта""",191,61,"Пляж санатория ""Мечта"" — точка встречи для экскурсий в Липецк"
barrock-6022ce3023a442370a15598e,Barrock,189,95,"Настоящее убежище для поклонников тяжелой музыки, андеграунда и неформальной культуры в Ижевске"
svoya-naberezhnaya-6a3155287ed89673f663764e,Своя набережная,189,54,Своя набережная — точка встречи для экскурсий в Тюмень
dmitrovskii-r-on-podmoskovya-64c1754ccfd9eebe1300378f,Дмитровский р-он Подмосковья,188,67,Дмитровский р-он Подмосковья — точка встречи для экскурсий в Москва
dacan-interernaya-ekskursiya-67c879e2c7cd0013e01b3e4f,Дацан интерьерная экскурсия,188,75,Дацан интерьерная экскурсия — точка встречи для экскурсий в Санкт-Петербург
g-chernogolovka-6a0c6419ad6bf0ef3288c265,г. Черноголовка,188,1,г
gostinica-izmailovo-beta-65785bb3a13352f37cd5095c,Гостиница Измайлово «Бета»,188,65,Гостиница Измайлово «Бета» — точка встречи для экскурсий в Москва
cirk-shapito-maska-za-avtovokzalom-6a27dac6bb647d78f2fcc043,"Цирк шапито ""Маска"" за автовокзалом",188,74,"Цирк шапито ""Маска"" за автовокзалом — точка встречи для экскурсий в Яровое"
ledovyi-dvorec-sporta-yubileinyi-5c3cc02067fc0b000fa9031a,Ледовый дворец спорта «Юбилейный»,187,73,Ледовый дворец спорта «Юбилейный» — точка встречи для экскурсий в Воронеж
mts-live-holl-sankt-peterburg-67af2b9adcff81acc6018e5d,МТС Live Холл Санкт-Петербург,187,87,Высокотехнологичный многоуровневый концертный комплекс в историческом районе Петербурга
dom-kultury-dlya-molodezhi-i-naseleniya-6a15ad4554c32959d2727a5d,Дом культуры для молодежи и населения,187,79,Дом культуры для молодежи и населения — точка встречи для экскурсий в Хабаровск
gostinica-oktyabrskaya-691c24a665fe7fa4103dd158,"Гостиница ""Октябрьская""",185,71,"Гостиница ""Октябрьская"" — точка встречи для экскурсий в Санкт-Петербург"
cirk-shapito-fantastic-693ee7c2057272585f617f04,"Цирк шапито ""FantastiC""",185,62,"Цирк шапито ""FantastiC"" — точка встречи для экскурсий в Москва"
teplohod-zvezda-nevy-69cfdc06e21655f1575cdcf2,"Теплоход ""Звезда Невы""",185,36,Внимание! В 19:00 теплоход отплывает
alkatras-69d8a3b7d7da441dcfbe4c00,Алькатрас,183,76,"Брутальный рок-бар с дерзким характером, названный в честь знаменитой тюрьмы"
cookforia-moskovskii-691c9e4c88983941ca237df1,Cookforia Московский,183,68,Cookforia Московский — точка встречи для экскурсий в Санкт-Петербург
dvorec-kvarengi-freedom-69f44a7ef6431c02b00c8419,Дворец Кваренги (Freedom),182,73,Дворец Кваренги (Freedom) — точка встречи для экскурсий в Санкт-Петербург
vyborgskii-dvorec-kultury-596cd724d35286001a812dff,Выборгский Дворец Культуры,182,60,Знаменитая театрально-концертная площадка Выборгского района
dom-soyuzov-57602c369cb5383aa0f99ac5,Дом Союзов,182,49,Дом Союзов — точка встречи для экскурсий в Москва
osobnyak-brusnicynyh-64e7916ebfa192ec54efea0f,Особняк Брусницыных,181,67,Особняк Брусницыных — точка встречи для экскурсий в Санкт-Петербург
azimut-aeroport-otel,AZIMUT Аэропорт Отель,181,66,AZIMUT Аэропорт Отель — точка встречи для экскурсий в Екатеринбург
petrovskii-putevoi-dvorec-5cd1bf3d079a40000c1e0639,Петровский путевой дворец,180,61,Архитектурная жемчужина XVIII века на Ленинградском проспекте
avtodrom-igora-draiv-607ee846c016751ef91ea51c,"Автодром ""Игора Драйв""",180,62,"Автодром ""Игора Драйв"" — спортивная площадка в Санкт-Петербург"
milo-concert-hall-552322649cb5384154e028b2,MILO Concert Hall,178,65,Главная и самая технологичная музыкальная арена Нижнего Новгорода
omsk-starina-sibirskaya,Старина Сибирская (Большеречье),178,111,"Музей под открытым небом: сибирская деревня с пятистенком, кузницей, татарской усадьбой и зоопарком Большеречья"
klub-saund-62d65bb25e66b48e387e68b6,Клуб Саунд,178,71,Масштабное мультиформатное пространство в арт-кластере «Севкабель Порт»
gmii-im-pushkina-672f34b6ebf4808956f1474a,ГМИИ им Пушкина,177,53,Один из главных музеев зарубежного искусства в России
metro-botanicheskii-sad-67da93abe57d2588613f3d3c,метро Ботанический сад,176,61,метро Ботанический сад — точка встречи для экскурсий в Москва
event-holl-markshtadt-6a06b73e6f8e9c633866e7f4,Эвент-Холл Маркштадт,176,62,Эвент-Холл Маркштадт — точка встречи для экскурсий в Челябинск
sklon-680941341b9f07a13a2daf65,Склон,175,44,Склон — точка встречи для экскурсий в Самара
zimnii-teatr-56642f109cb538372dedf85e,Зимний театр,175,97,Архитектурный шедевр советского неоклассицизма и главная театральная сцена всероссийского курорта
cookforia-dybenko-691ca652237a0cb9f621b719,Cookforia Дыбенко,174,65,Cookforia Дыбенко — точка встречи для экскурсий в Санкт-Петербург
prohodnaya-mgtu-6857c51ed6f99f614adda2c8,Проходная МГТУ,173,53,Проходная МГТУ — точка встречи для экскурсий в Москва
letnii-teatr-parka-im-frunze-5989e341d35286001af1489e,Летний театр парка им. Фрунзе,173,88,"Легендарная концертная площадка под открытым небом, утопающая в зелени приморского парка"
parma-vallei-69f04d546ab14033e4823efe,Парма Валлей,173,50,Парма Валлей — точка встречи для экскурсий в Пермь
laboratornyi-korpus-glavnogo-botanicheskogo-sada-im-n-v-cicina-ran-647f14d0b583497e00682c07,Лабораторный корпус Главного ботанического сада им. Н. В. Цицина РАН,173,50,Лабораторный корпус Главного ботанического сада им
hype-terrace-6a1846d8a87fac3902fad623,HYPE TERRACE,173,76,HYPE TERRACE - это стильная терраса и бар с панорамным видом в центре Москвы
base-66a616f5aeab507e0f84a9c9,BASE,172,52,BASE — точка встречи для экскурсий в Санкт-Петербург
savana,SAVANA,172,54,SAVANA — точка встречи для экскурсий в Санкт-Петербург
donskaya-ploschad-1-3-5d4c94a63eebe79526dc0076,"Донская площадь, 1-3",172,59,"Донская площадь, 1-3 — точка встречи для экскурсий в Москва"
sandunovskie-bani-58206229515e3500168592ca,Сандуновские бани,172,56,Сандуновские бани — точка встречи для экскурсий в Москва
soho-rooms-59e5df33d35286001beeaeda,Soho Rooms,172,49,Soho Rooms — точка встречи для экскурсий в Москва
aeroport-hrabrovo-692891e841df799c88b9e931,аэропорт Храброво,171,61,аэропорт Храброво — точка встречи для экскурсий в Калининград
klub-a2-69e108a0ca607ce900489954,Клуб А2,171,87,Один из главных и самых вместительных концертных клубов города на Петроградской стороне
kvartira-s-vidom-690341027421b16319714e1e,"""Квартира с видом""",170,57,"""Квартира с видом"" — точка встречи для экскурсий в Москва"
csi-ogon-63033fd80ec572453e0d899f,"ЦСИ ""Огонь""",170,64,Современная арт-платформа и галерея в историческом центре города
omsk-zakladnoy-kamen-hrama-sergiya-radonezhskogo,Закладной камень храма Сергия Радонежского,170,78,Памятный знак на месте первой церкви Омской крепости 1716 года у Тарских ворот
amaks-premer-otel-6a05ec8bb4f0c4ae9990d48b,АМАКС Премьер-отель,170,57,АМАКС Премьер-отель — точка встречи для экскурсий в Пермь
institut-miet-6a34253f25615467e064ade2,Институт МИЭТ,169,78,Главный корпус Национального исследовательского университета на площади Шокина
gostinica-prezident-otel-6050a29ab5dbc5a2904b47ed,Гостиница «Президент отель»,169,63,Гостиница «Президент отель» — точка встречи для экскурсий в Уфа
teatralnaya-dolina-59f4b4c6515e35001ad8b0e6,Театральная долина,169,70,Независимое экспериментальное арт-пространство на Васильевском острове
frunzenskaya,Фрунзенская,169,50,Фрунзенская — точка встречи для экскурсий в Москва
dex-6863e4f5f21530c9c9a44182,DEX,169,42,DEX — точка встречи для экскурсий в Москва
yaht-klub-lokomotiv-6a2084a2bf15fae2045fe902,Яхт-клуб Локомотив,168,82,"Главная марина Казани, расположенная на историческом полуострове в акватории Волги"
sk-yubileinyi-55a91e6a9cb5385a9a691ed9,"СК ""Юбилейный""",168,60,Легендарный спортивно-концертный комплекс у метро Спортивная
dom-aktera-5a66f563515e35001ecb7241,Дом Актера,168,115,"Дом Актера- официальная резиденция Свердловского отделения - памятник истории и культуры, камерный особняк ХIХ века"
mbu-gorodskoi-dvorec-kultury-go-g-ufy-rb-58a2dd23d352860016d39503,МБУ «Городской дворец культуры» ГО г. Уфы РБ,168,50,Масштабная зрелищная площадка на проспекте Октября
gcnt-dvorec-im-malunceva-5c3660143a60af000c0ff597,ГЦНТ Дворец им. Малунцева,167,14,ГЦНТ Дворец им
dom-narodnogo-tvorchestva-6721eb8c9a1cefd59d089222,Дом Народного Творчества,167,46,Важный культурно-досуговый центр на Прилукской
prichal-u-novoi-gollandii-6a426d66c14f2ecf937378a8,Причал у Новой Голландии,167,51,Причал у Новой Голландии — причал в Санкт-Петербург
dk-yubileinyi-63899dd178d0cd8e461e78bc,ДК “Юбилейный”,167,46,Популярный досуговый и культурный центр города
sinii-pushkin-bar-shnurova,"""Синий Пушкин"" бар Шнурова",167,68,Дерзкий концептуальный бар с истинно питерским бунтарским характером
dvorec-kultury-zheleznodorozhnik-588f14a0515e350018392700,"Дворец Культуры ""Железнодорожник""",166,72,Классическая театрально-концертная площадка с богатой историей у вокзала
teatr-rezonans-68dbc0aba5b9883ef15a1b34,Театр «Резонанс»,166,59,Независимый молодежный драматический театр в Невском районе
werk-6016e1400b6ed8da22eaa0fe,WERK,166,66,Независимое арт-пространство и клуб в индустриальном районе Казани
centralnyi-dvorec-kultury-goroda-belebeya-5970708b515e3500191ce1c2,Центральный дворец культуры города Белебея,166,48,Главная культурная сцена города на улице Амирова
teplohod-rio-1-2026-69e88ecf9ebd6a3e2437c4c2,Теплоход РИО-1 2026,166,37,Теплоход РИО-1 2026 — причал в Москва
ionoteka-5c2a5b620b9253000c1daefc,Ионотека,166,63,Культовый андеграундный инди-клуб в сердце Лиговского проспекта
kult-garazh-6a3afc5ee5cc3a74b1ffc905,Культ Гараж,166,50,Культ Гараж — точка встречи для экскурсий в Москва
dk-neftyanik-5dcd94b300d13d83bc579d39,ДК Нефтяник,166,70,Крупнейший высокотехнологичный концертный комплекс региона на Осипенко
balagan-38-6952fcae1b43a9cf40b6b8fe,Балаган 38,165,65,Шумный концептуальный бар-клуб на проспекте Октябрьской Революции
stavropolskii-gorodskoi-dom-kultury-66d5f9aa444d964799015478,Ставропольский городской дом культуры,165,69,Исторический Дворец культуры в центре проспекта Октябрьской Революции
dvorec-kultury-i-iskusstv-mgu-im-n-p-ogareva-61ea78b2104878bc76e0a40e,Дворец культуры и искусств МГУ им. Н.П. Огарёва,165,65,Современная многофункциональная площадка в структуре университета
klub-opera-62c705e486c05a292f94aec3,Клуб Опера,165,70,Крупный развлекательный комплекс и ночной клуб на Московском проспекте
summer-jam-66d9bbb0defcce74c58fbac4,SUMMER JAM,165,49,Популярный музыкальный гриль-бар на улице Васенко
biblioteka-planetariya-1-67c03cb982a2c6055779f5e1,Библиотека Планетария 1,164,56,Уютное научно-популярное пространство на Обводном канале
koncertnyi-zal-moskva-651c25e22683921a5e7b8252,Концертный зал «Москва»,164,97,Ультрасовременная высокотехнологичная мультиформатная площадка на территории парка «Остров Мечты»
rock-bar-by-abrikos-inc-5d4062e112cd536e27b41c19,Rock Bar by Abrikos Inc.,164,44,Брутальный музыкальный бар на улице Пирогова
jamaa-6a4b70c81a8d9918f406d302,Jamaa,164,44,Jamaa — точка встречи для экскурсий в Москва
machine-head-56d0ab669cb5384d9563f8d0,Machine Head,163,64,Главный рок-бар города на Октябрьской для ценителей живого звука
koncertnyi-zal-slovo-zhizni-6a3bfa50dcb6d750ca5bdbdb,"Концертный зал ""Слово жизни""",163,48,Современный мультиформатный зал на Чернышевского
atlas-698bace91d0f60c8124016ca,Atlas,163,44,Atlas — точка встречи для экскурсий в Москва
kz-izmailovo-malyi-zal-6752eb88417c76a8dc3ef2ef,КЗ Измайлово малый зал,162,76,Уютная камерная сцена известного концертного комплекса на Измайловском шоссе
myuzik-holl-dvorca-kvarengi-6a1d2bd4a60aea8b2c68fdff,Мюзик Холл Дворца Кваренги,162,66,Камерный парадный зал с роскошным интерьером в историческом центре
u-vhoda-v-manezh-63022db55c3532b64ea4012e,У входа в Манеж,162,54,У входа в Манеж — точка встречи для экскурсий в Москва
dom-uchenyh-57837d3c9cb53852e7c26aec,Дом Ученых,162,70,Главный культурный и интеллектуальный центр города на проспекте Ленина
koncert-holl-693ab1b1af349b1c0aa2d88e,Концерт ХОЛЛ,162,73,Большая современная площадка для масштабных музыкальных событий на Серова
yauza-62ff3a2d9eb12a21116e7dd3,Yauza,162,66,Трендовое ресторанное и арт-пространство в Подколокольном переулке
santa-barbara-bar-6a25901082ff4dd32a612a51,Santa Barbara Bar,162,64,Стильный коктейльный бар в самом центре города на Екатерининской
glav-klub-587e0801515e350017c0e7e8,Глав клуб,162,56,Популярный музыкальный клуб и ночная концертная площадка
lisii-dk-69495de0e952630a0e9f5208,Лисий ДК,161,69,Концептуальная креативная площадка в здании с историческим характером
sobranie-lounge-bar-6905a77e99296baee8e65dd9,SOBRANIE LOUNGE BAR,161,64,Премиальное лаунж-пространство на Пристанской с панорамным видом
mumii-troll-music-bar-619e5b64ea00f1d20616a529,Мумий Тролль music bar,161,90,"Ресторан-бар с живой музыкой, созданный при непосредственном участии группы «Мумий Тролль»"
warehouse-6493f98d1e8eee4dd69318a5,WAREHOUSE,161,54,WAREHOUSE — точка встречи для экскурсий в Екатеринбург
otel-zvezda-6a15b04306e61f2cce3b3c8c,Отель Звезда,161,52,Отель Звезда — точка встречи для экскурсий в Иркутск
veranda-kitaiskogo-letchika-dzhao-da-6a47b47484bce9a476f74c94,Веранда Китайского Летчика Джао Да,160,52,Легендарное клубное пространство в Лубянском проезде
muzei-n-a-ostrovskogo-689ccff60914713af51002ef,музей Н.А. Островского,160,52,Литературно-мемориальный музей в самом центре города
long-way-bar-614b4da1a5ea9e968b02b51d,Long Way Bar,160,53,Long Way Bar — точка встречи для экскурсий в Оренбург
nikolskaya-15-6257358d23891713a3cceb56,"Никольская, 15",160,53,"Никольская, 15 — точка встречи для экскурсий в Москва"
standup-nn-68f0ffd1ee91f4903e41cac0,StandUp NN,160,67,Главный комедийный клуб города на исторической улице Рождественской
bashkirskaya-gosudarstvennaya-filarmoniya-imeni-husaina-ahmetova-5a2017f6515e35001b5e4191,Башкирская государственная филармония имени Хусаина Ахметова,160,69,Главная академическая музыкальная сцена Башкортостана на улице Гоголя
russkoe-geograficheskoe-obschestvo-6a4b858921d4fca102f90789,Русское географическое общество,160,73,Уникальный исторический научно-просветительский центр в переулке Гривцова
restoran-parusa-60a0346937a97ab255f89913,Ресторан Паруса,159,64,Премиальный ресторан у самой кромки Черного моря на Черноморской
dk-rossiya-5daaf73759e939205a06fde4,ДК Россия,159,63,Один из центральных дворцов культуры города на проспекте Победы
black-loft-by-bolshevik-loft-65b792f78894baa69b92b0dc,Black Loft (by Bolshevik Loft),159,95,Стильное лофт-пространство на Ленинградском проспекте в историческом здании фабрики «Большевик»
muzeinyi-kompleks-verhnyaya-pyshma-69ce61cbda2cf85a00abb80d,Музейный комплекс Верхняя Пышма,159,72,Один из крупнейших в мире частных музеев военной и автомобильной техники
base-63985a2fcae029a4d9184fee,BASE,158,43,BASE — точка встречи для экскурсий в Москва
kreativnoe-prostranstvo-lovelyloft-5d70b8362fa47e82de5e7773,Креативное пространство LovelyLOFT,158,65,Креативное пространство LovelyLOFT — спортивная площадка в Москва
dk-tolyattiazot-678e7946f5f375dda0dac305,ДК Тольяттиазот,157,59,Современный культурно-досуговый центр Комсомольского района
teplohod-rio1-69dd1a2f926f26722c56cdbd,"Теплоход ""РИО1""",157,33,"Теплоход ""РИО1"" — причал в Москва"
bar-41-69c92dab3da3b1667fd40db3,Бар 41,157,41,Атмосферное ночное заведение на Банзарова
vk-muzyka-letom-6623c60d0b3f696aa5792300,VK Музыка Летом,157,75,Летний мультиформатный концертный комплекс под открытым небом на Шмитовском
grafit-6468e0edce28fce3d3d2c369,Графит,157,74,Современное креативное и гастрономическое лофт-пространство на Электродной
municipalnoe-byudzhetnoe-uchrezhdenie-kultury-raionnyi-dom-narodnogo-tvorchestva-6a47622fb86b870e166a4408,"Муниципальное бюджетное учреждение культуры ""Районный дом народного творчества""",157,48,Центральный очаг культуры города на Карла Маркса
the-fox-pab-5d5274251f64843845631dba,The FOX-Паб,157,64,Классический паб в ирландском стиле на Воинов-Интернационалистов
bankovskii-pereulok-2-5-6a30283da1aa76a62c3177ea,Банковский переулок 2/5,157,59,Популярный адрес в историческом центре у трех станций метро
moskva-5a82c349519f7b001c929cdd,Москва,157,75,Универсальная точка сбора в центре столицы для пеших и автобусных экскурсий
centr-kreativnyh-industrii-6a3bcdfe843a0f756ab0dbd3,Центр креативных индустрий,156,78,Инновационное творческое пространство в историческом здании на Большой Садовой
muk-dk-im-lepse-632c49ef58796b61d00011b0,МУК ДК им Лепсе,156,77,Исторический дворец культуры в самом центре города на Революционном проспекте
made-in-bali-69f36d2361aa51f37f2cf4b3,MADE IN BALI,156,54,Экзотический атмосферный лофт на Пушкинской набережной
malahit-698f0f0a50bfae850de6e02f,Малахит,156,49,Малахит — точка встречи для экскурсий в Челябинск
dk-im-hhh-letiya-pobedy-56af72c29cb53845e8bf5f6f,ДК им. ХХХ-летия Победы,156,58,Крупнейший Дворец культуры в центре города на Первомайской
art-kvadrat-5e5a5c03535e078a31defb5b,Арт-квадрат,156,47,Арт-квадрат — точка встречи для экскурсий в Уфа
kurort-zavidovo-6a2001883f970b9635e7a42f,Курорт Завидово,156,56,Курорт Завидово — точка встречи для экскурсий в Завидово
klub-music-bar-jigger-pony-6204b120c21ae5231ab837fb,Клуб Music Bar Jigger Pony,156,48,Стильный музыкальный бар на улице 50 лет Октября
klub-mayakovskii-67cf11d17ce379b6beeae018,"Клуб ""Маяковский""",156,50,Известный ночной клуб и концертный бар на Куратова
integrativnyi-dzhazovyi-centr-678646dab56fefdd6a2bf8e6,Интегративный джазовый центр,156,79,Интеллектуальное и невероятно атмосферное музыкальное пространство на Басманной
otel-metropol-644a33eb813950e190f4a8f8,Отель Метрополь,156,59,Легендарный исторический отель премиум-класса у стен Кремля
bar-bq-6a450fe7c3233eb72af259a0,"Бар ""BQ""",156,64,Уютное концептуальное заведение на живописном Лесопарковом шоссе
saint-petersburg-grand-maket-rossiya,Гранд Макет Россия,155,85,"Гигантский интерактивный шоу-макет всей страны в масштабе 1:87, где на площади 800 кв"
ruki-vverh-bar-65e1d85dfa596b40751ef843,Руки ВВерх! Бар,155,73,"Машина времени, переносящая гостей прямиком в безумные 90-е и 2000-е годы"
dvorec-knigi-687f980c249f577aba5186ea,Дворец Книги,155,75,Крупнейший интеллектуальный и культурный центр региона в переулке Карамзина
dvorec-iskusstv-leningradskoi-oblasti-dk-gorkogo-palace-of-arts-of-the-leningrad-region-dk-a-m-gorky-569f95119cb5384414,Дворец искусств Ленинградской области (ДК Горького) /// Palace of Arts of the Leningrad region (DK A.M.Gorky),155,51,Исторический театральный комплекс на площади Стачек
dk-rostselmash-5a6f0298515e35001daaca2b,"ДК ""Ростсельмаш""",155,74,Знаковая и вместительная театрально-концертная площадка на площади Сельмаш
voronezhskii-gosudarstvennyi-teatr-opery-i-baleta-57a080ef9cb5385b5bed1b65,Воронежский государственный театр оперы и балета,155,66,Легендарный музыкальный театр с богатой историей на площади Ленина
stendap-klub-hedlainer-694ec766565515e217c34742,Стендап-клуб Хэдлайнер,155,58,Стильное заведение для любителей комедии на улице Молокова
atmosphere-61c7478db9bfd750434ae646,Atmosphere,154,61,Огромное многофункциональное event-пространство на Шмитовском
kz-signal-6479a8125698963a6bcbb8bf,КЗ Сигнал,154,55,Современный концертный зал в лофт-стиле на улице Лесной
muzei-matreshki-696e1409f945800c9283c1e9,Музей Матрешки,154,50,Интерактивное пространство на Васильевском острове
cokol-66a8744a02f0ecd221dcc477,Цоколь,154,53,Концептуальный андеграундный клуб-бар на 50 лет ВЛКСМ
dom-kultury-miet-5df8e26646c150d57724c398,Дом культуры МИЭТ,154,79,Многофункциональный концертный зал ведущего технического вуза на площади Шокина
sad-shredera-64759f515af2290af4248178,Сад Шредера,154,50,Сад Шредера — точка встречи для экскурсий в Москва
zona-bike-63c5befb5664464e4e8a721a,ZONA BIKE,153,52,Атмосферный байк-рок-бар в исторической части города
glemping-prosto-cosmos-6997eb0d137bc92705d801bc,Глэмпинг «Просто COSMOS»,153,63,Глэмпинг «Просто COSMOS» — точка встречи для экскурсий в Москва
baza-otdyha-zov-predkov-69a45a33165aa66df71e306c,База отдыха «Зов Предков»,153,68,База отдыха «Зов Предков» — точка встречи для экскурсий в Красноярск
soprano-643279d5afd1ffd3c6b24ef7,Сопрано,153,61,Премиальный музыкальный ресторан и караоке-клуб на Култукской
klub-isida-699969fa9b2b7599baf0055e,"КЛУБ ""ИСИДА""",153,66,Стильное ночное клубное пространство на набережной Тараса Шевченко
dvorec-kultury-profsoyuzov-5c1a60b91f51ea000b0b9d82,Дворец культуры профсоюзов,153,59,Центральный культурно-зрелищный комплекс города на Киевской
pab-oliver-5adf4decd35286001b9f584b,паб «Оливер»,153,55,Уютный гастропаб с душой старой Англии в центре Вологды
dvorec-kultury-ktz-5af567a7515e35001da78af3,Дворец Культуры КТЗ,153,60,Легендарная и самая вместительная концертная площадка города
klub-moet-69bbfe1f2ee525bbfd1dab84,клуб МОЁТ,153,66,Популярное ночное заведение и танцевальный клуб города на Парковой
sk-bar-klub-5d704da2a635e24b586651f0,SK BAR клуб,153,50,Ведущий музыкальный рок-бар города на Карла Маркса
dk-yunost-68d426d97e7f0d207661e5d7,ДК «Юность»,152,35,Уютный досуговый центр в Березняках
centr-kultury-i-dosuga-5b2266a7515e35001fecc236,​Центр Культуры и Досуга,152,46,Главный культурный хаб города рядом с вокзалом
le-bourg-1905-655b57684fe6077eeab182b3,Le Bourg 1905,152,64,Премиальный ресторан и клуб-бар в самом центре города на Вайнера
kinokoncertnyi-zal-penza-56c196839cb5384142f20f1d,Киноконцертный Зал Пенза,152,75,Грандиозный современный комплекс на улице Бакунина с великолепной акустикой
novosibirsk-berdskie-skaly,"Бердские скалы, экотропа «Зверей и птиц»",152,92,"Экотропа у Бердских скал: подвесной мост через Бердь, скала Верблюд и родник Серебряный ключ"
dk-zheleznodorozhnikov-56a8df119cb5382d2abf58a3,ДК ЖЕЛЕЗНОДОРОЖНИКОВ,152,56,Монументальное историческое здание с богатыми традициями
naberezhnaya-makarova-28-6a3149dff03e72291b46ef3c,"Набережная Макарова, 28",152,31,Локация на Васильевском острове
dk-im-zueva-55b5fbcf9cb53808ade7d58c,ДК им. Зуева,152,48,Культовый театральный культурный центр на Лесной
moskva-ul-kalanchevskaya-21-40-na-ulice-sprava-ot-vhoda-603115d1804d751023cdaeea,"Москва, ул. Каланчевская, 21/40, на улице, справа от входа",152,60,Удобный городской ориентир на улице справа от входа в здание
ruki-vverh-bar-630cd1d095cfa4cf019cf8be,Руки Вверх Бар,151,67,Концептуальный диско-бар Сергея Жукова в стиле ностальгических 90-х
moskovskiy-zoopark-3013563d956d,Московский зоопарк,151,40,Старейший зоопарк страны в центре Москвы
klub-aura-6943eec5aaaac59e3ebb2d03,"Клуб ""АУРА""",151,67,Популярный ночной клуб и концертная площадка на проспекте Революции
gbuk-rt-gosudarstvennyi-bolshoi-koncertnyi-zal-imeni-saliha-saidasheva-63cb89057ad8e1bcd59fe024,ГБУК РТ “Государственный Большой концертный зал имени Салиха Сайдашева”,151,75,"Главная академическая сцена Татарстана, расположенная в самом сердце Казани"
live-stars-68b8507ea44b779b35d7beb3,Live Stars,151,59,Многоформатный клуб на территории фабрики «Красный Октябрь»
the-rock-bar-58aa24a1515e35001546b75d,The Rock Bar,151,44,Легендарный рок-бар города на улице Горького
goose-goose-6421656779c406dfb1de088d,Goose Goose,151,69,Элегантный ресторан авторской итальянской кухни на Большой Конюшенной
mezzo-forte-club-58b69bf1515e3500159b31aa,MEZZO FORTE CLUB,151,42,Культовый музыкальный клуб на Останкинской
teatr-parnas-6253497bd15e3c697b8ae78d,Театр Парнас,151,40,Современный камерный драматический театр
dk-orbita-6262b3ad80275528a91d058e,"ДК ""Орбита""",151,41,Важная точка на культурной карте Иркутска
metro-annino-61e09ae3c8cf14cf5a7f8d95,метро Аннино,150,51,метро Аннино — точка встречи для экскурсий в Москва
dvorec-kultury-613ef6881cfa24db6a836395,Дворец Культуры,150,53,Центральная культурная точка города на улице Культуры
m-vdnh-66212f8077bdbd90241d0c55,м. ВДНХ,150,1,м
muzei-filinov-i-sov-filosoviya-5f79ecbfc0e894360a3d9f5d,"Музей Филинов и Сов ""Филосовия""",150,58,Интерактивный эко-музей живых птиц на балтийском побережье
restoran-senpoliya-65532010f827f709ca156104,Ресторан «Сенполия»,150,53,Уютный ресторан в историческом центре на Житной улице
osobnyak-myasnikova-69d6989a70a3e5c717a370ec,Особняк Мясникова,150,50,Отреставрированная необарочная резиденция XIX века
pab-mama-anarhiya-6984857b082c735785f6aecb,Паб Мама Анархия,150,44,Концептуальный крафтовый паб на Плехановской
kulturno-dosugovyi-centr-druzhba-6392d8675dd0960831d6cc98,Культурно-досуговый центр «Дружба»,150,37,Многофункциональная районная площадка
underground-674f1077e172585981f25d62,Underground,149,59,Концептуальный андеграундный клуб и бар на улице Белянского
dk-vympel-585946a5d3528600152c3b69,"ДК ""Вымпел""",149,56,Центральный дом культуры в микрорайоне Кораблестроителей
dk-tolyatti-58b545e4515e350016865b5b,ДК Тольятти,149,53,Центральный дворец культуры города на бульваре Ленина
rok-bar-varyag-61c56d959670fb0437e2e773,Рок-бар Варяг,149,57,Главный оплот тяжелой музыки в городе на проспекте Ленина
the-hole-6a22b2c3df8634edd303afca,The Hole,149,53,Секретный концептуальный бар в самом центре Маросейки
voronezhskii-koncertnyi-zal-56f765549cb5383752b972f1,Воронежский Концертный зал,149,57,Главная театрально-концертная сцена города на Театральной
palazzo-6509bad99b189a4bdc248056,Palazzo,148,80,Масштабный многоформатный концертно-ресторанный комплекс на Московском проспекте
klub-vysockii-56a7f0b39cb5380b1ceff925,"Клуб ""Высоцкий""",148,48,Атмосферный музыкальный клуб-ресторан на Таганке
gadkii-koiot-673c85bc1b167d343c2bca16,Гадкий Койот,148,60,Знаменитый бар с дерзкой атмосферой в Столешниковом переулке
ruki-vverh-bar-63319042eeca85ff7329b371,Руки ВВерх! Бар,148,100,"Настоящая машина времени от Сергея Жукова, переносящая гостей прямиком в безумные 90-е и 2000-е годы"
kafedralnyi-sobor-sv-petra-i-pavla-petrikirhe-595eba63515e350015dff9ef,Кафедральный собор св. Петра и Павла (Петрикирхе),148,65,Действующая лютеранская церковь в самом сердце Невского проспекта
krop-arena-638f346c1eac7f1283e1f413,КРОП Арена,148,69,Масштабная концертная площадка города для громких музыкальных событий
restoran-krysha-18-6494563a11c674e1d1ca1295,"Ресторан ""Крыша 18""",148,55,Панорамный видовой ресторан на Петроградской набережной
dada-6a22b64f09085b9f90548667,ДаДа,148,71,Уютное городское гастрономическое пространство и бар на улице Макаренко
korchma-pristanische-6106ae308bd5751808e75989,"Корчма ""Пристанище""",148,52,Колоритный ресторан славянской кухни на улице Бебеля
ruki-vverh-bar-6962a20d283f35184a166fa8,Руки Вверх Бар,148,100,"Настоящая машина времени от Сергея Жукова, переносящая гостей прямиком в безумные 90-е и 2000-е годы"
dk-krasnoe-sormovo-56a0e5639cb53832225e9b8d,"ДК ""Красное Сормово""",148,44,Культурно-досуговый центр с богатой историей
gonochnyi-trek-stroker-66752c508c757187b96f13f1,Гоночный трек STROKER,147,57,Гоночный трек STROKER — спортивная площадка в Новосибирск
oberton-6a2af760c5e082ec00b8a659,«Обертон»,147,83,Современное многофункциональное концертное и арт-пространство на улице Клары Цеткин
sindikat-69941f5b6a63098a4494f695,Синдикат,147,57,Многоформатный развлекательный клуб и бар на Первомайской
gdkis-mir-582c7604d3528600181307a7,"ГДКиС ""Мир""",147,65,Центральный городской дворец культуры и спорта на Каширском шоссе
rostovskii-dom-oficerov-59ef75bfd35286001b166234,Ростовский дом офицеров,146,82,Классическая театрально-концертная площадка в самом центре Будённовского проспекта
stand-up-club-by-edwin-group-6629e1f90b13df74caee4eeb,Stand Up Club by Edwin Group,146,55,Главное комедийное пространство Приморья на Светланской
live-pub-605c3bfcce3646107a63a1d8,Live Pub,146,51,Городской паб и концертная площадка на улице Ленина
okruzhnoi-dom-oficerov-564daddb9cb53871ecc5db29,Окружной Дом Офицеров,146,83,Величественная историческая площадка на улице Шостаковича с классическим интерьером
teatr-pokolenii-636df94f91184a1b12f92b5b,Театр Поколений,146,50,Экспериментальный независимый театр на Курляндской
dk-rgatu-60c0d1af826fa44013de163a,ДК РГАТУ,146,61,Популярный культурный центр Агротехнологического университета
no-name-bar-62f69c70736bc860d71fe3b4,NO NAME BAR,146,74,Популярный андеграундный рок-бар и концертный клуб на Братьев Коростелёвых
wild-club-61058268e44661d576ad6aa5,WILD CLUB,146,61,Стильный ночной клуб и лаунж-бар на улице Александра Невского
kutezh-intelligentnyi-bar-668d4ba9957827f2137198d7,Кутёж - интеллигентный бар,146,50,Стильное заведение на исторической улице Куйбышева
pivovarnya-zagovor-68345b29c493ca98514b0114,Пивоварня «Заговор»,146,63,Известное крафтовое производство с дегустационным пространством
pravda-leto-65bbbb2b357ff28836bd9ebd,PRAVDA ЛЕТО,146,55,Популярный формат open-air площадки на Варшавском шоссе
hops-spot-63bf8147f6671c473cd01c86,Hops Spot,146,54,Стильный концептуальный бар на пешеходной улице Кирова
comedy34-69313f61d2ccfa29436c7889,Comedy34,146,33,Стильный стендап-клуб на Сретенке
park-kinopriklyuchenii-master-panin-57bf24849cb5384a6e8fd49b,"Парк киноприключений ""Мастер Панин""",146,47,Семейный парк активного отдыха на западе Москвы
restobar-bolshoi-62829d8fa751f350176b34e8,РестоБар «БОЛЬШОЙ»,146,48,Стильное гастрономическое заведение на Некрасова
rndm-5d48469b69ad2f2a02bf1023,RNDM,145,45,Концептуальный клуб в Наставническом переулке
vk-stadium-69b96b65e754987b371dbe07,ВК Стадиум,145,70,Один из крупнейших концертных залов столицы на Ленинградском проспекте
novosibirskaya-specialnaya-muzykalnaya-shkola-66a53013f4b1980787e3c686,Новосибирская специальная музыкальная школа,145,67,Престижное музыкальное учебное заведение на Комсомольском проспекте
commode-64a1f92d943c5597458b518e,Commode,145,68,Знаменитый клубный ресторан в формате тайм-кафе на Невском проспекте
eclipse-moon-68406a8efd2b30ee7ce47b68,ECLIPSE MOON,145,55,Концептуальный премиум-лаунж в Переведеновском переулке
mts-live-holl-voronezh-5655c5be9cb5382e8462e6da,МТС Live Холл Воронеж,145,52,Грандиозный современный концертно-зрелищный комплекс
ufa-toratau,Шихан Торатау,145,85,Священный древний шихан - остаток рифа доисторического океана 250 миллионов лет назад
16-tonn-554111c09cb538793e6a3c37,16 Тонн,145,64,Легендарный английский паб и старейший концертный клуб на Пресне
cirk-maksimus-69e60c58c33272435231f66f,Цирк Максимус,145,46,Большой гастролирующий цирк-шапито в Сипайлово
bar-vospominanii-6a1961d267ab06e77f28ba77,«Бар Воспоминаний»,145,74,Камерное концептуальное питейное заведение в Малом Златоустинском переулке
nizhegorodskaya-gosudarstvennaya-akademicheskaya-filarmoniya-kremlevskii-koncertnyi-zal-6378fe5e0da5f4b4892938e5,"Нижегородская Государственная Академическая Филармония, Кремлевский концертный зал",145,71,Главная академическая сцена региона на территории Нижегородского Кремля
mts-live-holl-nizhnii-novgorod-5b8fecaec1ffa3000be334c0,МТС Live Холл Нижний Новгород,145,71,Современная высокотехнологичная мультимедийная площадка в центре города
mini-by-concert-hall-6751bcf5823a4dc1df4c179c,MINI by Concert Hall,145,47,Камерная клубная площадка на набережной Дрейера
eventuki-6662b12a80e6692e3ca62dfa,Eventuki,144,66,Мультиформатное шоу-пространство и креативный кластер в стиле лофт
loft-13-64c11c0a71c2123a8366078b,LOFT 13,144,61,Стильное event-пространство в старинном особняке на Мясницкой
penzenskaya-oblastnaya-filarmoniya-58ac41bfd35286001519770b,Пензенская областная филармония,144,62,Грандиозный современный музыкальный комплекс на улице Суворова
urban-60d2d86ccdb1df7c07666de4,Урбан,144,61,Стильный концертный клуб на территории дизайн-завода «Флакон»
nobel-concert-hall-64c9267be8c73b509c228504,NOBEL concert hall,144,71,Современная высокотехнологичная концертная площадка на Воткинском шоссе
restoran-butin-gril-i-rebra-6a3a85d9d52b7aae63d063c9,"Ресторан ""БУТИН гриль и рёбра""",144,50,Мясной ресторан с брутальным характером в Иркутске
smena-5c47118158de0d000c2bf328,Смена,144,68,Андеграундный ночной клуб и арт-пространство в Товарищеском переулке
art-club-ploschadka-64ff04be0484c768b118509b,Art Club Площадка,143,48,Креативное арт-пространство на Заводском проезде
dvorec-sporta-nagornyi-5bd835ffaa230a000b033af3,"Дворец спорта ""Нагорный""",143,66,Крупнейшая спортивно-концертная арена города на проспекте Гагарина
ryazan-grib-borovik,Грибной боровик (Главный гриб),143,80,"Самая первая, крупная и главная скульптура серии, с которой началась вся история"
tc-heppi-moll-6a0151e4db7837c27ba3d18f,"ТЦ ""Хеппи Молл""",143,59,Крупный торгово-развлекательный комплекс на Вольском тракте
prichal-po-rekam-kanalam-na-nab-reki-karpovki-u-pamyatnika-medikam-69baa00eeae326c0bd3e5222,"Причал ""По рекам-каналам"" на наб. реки Карповки у памятника медикам",143,32,"Причал ""По рекам-каналам"" на наб"
ekskursiya-6a315af4c86b2989f93d19d7,Экскурсия,143,55,Удобный ориентир в центре города у метро Звенигородская
cirk-fantastic-674990df99d9c94f7bf7b1c1,Цирк «FANTASTIC»,143,51,Популярный передвижной цирк-шапито на Комсомольской
dk-neftche-5bd36780031b7b000bdcb1e3,ДК Нефтьче,143,61,Главный дворец культуры и центральная концертная сцена города
treningovyi-centr-izmailovskii-647c8312c6d2d97a336e5e13,Тренинговый центр Измайловский,142,70,Профессиональное образовательное пространство на одноименном проспекте
batumi-tennis-club-657c1510da11fb43ed1ece3f,Batumi Tennis Club,142,69,Профессиональный спортивный комплекс на знаменитом Батумском бульваре
dkzh-im-karla-marksa-587d052c515e350015bfcd6f,ДКЖ им. Карла Маркса,142,44,Исторический Дворец культуры в центре города
restoran-pelmeniya-67abd755ed8fdb488b8579c0,"Ресторан ""Пельмения""",142,59,Специализированное моно-кафе на туристической улице Баумана
goluboi-zal-soyuza-hudozhnikov-6a0da2dd0baf0f8d8fc6afc8,Голубой зал Союза Художников,142,67,Элегантное историческое выставочное пространство на Большой Морской
dizain-zavod-55539abc9cb538037b9bea90,ДИЗАЙН ЗАВОД,142,44,Знаменитый креативный кластер (экс-«Флакон»)
sbor-u-vhoda-v-kinoteatr-hudozhestvennyi-6a3cfd661ba82c0b7b173751,"Сбор у входа в кинотеатр ""Художественный""",142,75,Классическая точка встречи у метро Арбатская для экскурсий по центру Москвы
krysha-na-novokuzneckoi-6484130bd12dfc8737c56850,Крыша на Новокузнецкой,142,43,Популярная видовая площадка в Замоскворечье
partizan-681b3465b470cf79514615b2,Партизан,142,69,Популярный концептуальный бар в самом центре Комсомольского проспекта
nenavist-615f295433028f964a77ffe2,NENAVIST',142,54,Масштабный концертный клуб на Нижневолжской набережной
nenavist-64241d418e3ee3fe39bde55e,NENAVIST',142,54,Масштабный концертный клуб на Нижневолжской набережной
live-stars-60a6093a8bf80041a104f8e0,Live Stars,142,66,Многоформатный клуб на территории бывшей фабрики «Красный Октябрь»
kdc-rondo-68cc0923d0557378f31c7ea4,КДЦ Рондо,142,66,Современный культурно-досуговый центр в пригороде Санкт-Петербурга
kongress-otel-68b6720276375a837a195b6b,Конгресс-отель,141,59,Конгресс-отель — точка встречи для экскурсий в Екатеринбург
teatr-nikolaya-zaharova-5e394c1acbde02a17748cd1a,Театр Николая Захарова,141,51,Авторский драматический театр с душевной атмосферой
depo-69f3af9d9f003040fd8095f2,ДЕПО,141,63,Масштабный современный фуд-молл и гастрономическое пространство
rocksin-club-60626bef3827312e3f2c979d,Rocksin Club,141,55,Главное место встречи любителей тяжелой музыки в городе
vysotka-na-kotelnicheskoi-naberezhnoi-65367dd04235988deba6c215,Высотка на Котельнической набережной,141,75,Высотка на Котельнической набережной — точка встречи для экскурсий в Москва
resto-bar-ryumochka-61bf009e826c0f89308b1c14,"Ресто-бар ""Рюмочка""",141,58,Концептуальное заведение на пешеходной Ленинградской улице
serzhant-pepper-61c9d3d1c308674d1dbc38e6,Сержант Пеппер,141,43,Культовый музыкальный бар и клуб на Чапаева
moscow-dom-na-naberezhnoy,Дом на набережной,140,69,"Если идёте по Берсеневской, дом с тяжёлым фасадом сам попадает в кадр"
moscow-chistye-prudy,Чистые пруды,140,83,"Вода, утки, скамейки под липами - бульвар у Чистых прудов держит паузу даже в будни"
moscow-sandunovskie-bani,Сандуновские бани,140,64,"Два-три часа на Неглинной, 12 кГ - если идёте париться по записи"
moscow-petr-i-fevroniya,Петр и Феврония,140,96,Где на Петровском бульваре взять тихий стоп без музея? У скульптуры Петра и Февронии у дома 8 с2
moscow-pamyatnik-yuriyu-gagarinu,Памятник Юрию Гагарину,140,74,Титановая фигура на площади Гагарина видна издалека с Ленинского проспекта
moscow-palaty-boyar-romanovyh,Палаты бояр Романовых,140,70,«Дом на Варварке до Романовых-царей» - коротко про палаты у владения 6
moscow-ostrov-mechty-park,Остров Мечты (парк),140,102,Где провести полдня с детьми без поездки за МКАД? Парковая часть «Острова Мечты» на проспекте Лихачёва
moscow-muzey-usadba-tolstogo-v-hamovnikah,Музей-усадьба Толстого в Хамовниках,140,97,"Похоже на дом, в котором ещё живут чужие вещи: кабинеты, сад, комнаты семьи Толстого в Хамовниках"
moscow-muzey-arhitektury-im-schuseva,Музей архитектуры им. Щусева,140,116,"Похоже на кабинет чертежей в городе-музее: модели, фасады, история строительства Москвы в тихих залах на Воздвиженке"
moscow-muzey-slovo-vdnh,Музей «Слово» (ВДНХ),140,67,Час-полтора на интерактив про язык и книгу - формат «Слова» на ВДНХ
moscow-moskovskiy-kreml,Московский Кремль,140,29,Территория с билетом и слотом
moscow-masterskaya-fomenko,Мастерская Фоменко,140,83,Билет берут под конкретный спектакль и дату: сцена на Кутузовском живёт репертуаром
moscow-krutitskoe-podvore,Крутицкое подворье,140,63,"Кирпичные переходы, тихий двор, вид на собор с Крутицкой, 17 с1"
moscow-gostinitsa-ukraina,Гостиница «Украина»,140,65,«Высотка у реки» - коротко про гостиницу «Украина» в Дорогомилово
moscow-vysotka-na-kudrinskoy,Высотка на Кудринской,140,48,"Ещё одна сталинская вертикаль - на Кудринской, 1"
moscow-vorontsovo,Воронцово,140,108,"Выезжайте за зелёный полдня к Воронцовским прудам: усадебный парк, вода, длинные дорожки без давления центра"
moscow-white-rabbit,White Rabbit,140,83,Бронируйте стол заранее: White Rabbit на Смоленской - ужин с видом и авторским меню
moscow-pamyatnik-vladimiru-velikomu,Памятник Владимиру Великому,140,68,На склоне у Кремля высокая фигура князя держит взгляд ещё с Манежной
rock-bar-small-stage-5f22ca1b79957f9550e3d39f,Rock Bar Small Stage,140,40,Камерная рок-сцена в самом центре города
moscow-tsentralnyy-rynok-rozhdestvenka,Центральный рынок (Рождественка),140,76,"Зайдите на Рождественский бульвар, когда нужен обед без ресторанного ритуала"
moscow-kafe-pushkin,Кафе Пушкинъ,140,73,"Пушкинъ - это ужин, который гости планируют заранее, а не находят по пути"
moscow-tverskoy-bulvar,Тверской бульвар,140,115,"Пройдите бульвар от Пушкинской к Никитским воротам: деревья, скамейки, памятники, поток между Тверской и переулками"
moscow-mht-im-chehova,МХТ им. Чехова,140,44,Билет в МХТ берут ради конкретного спектакля
moscow-sovremennik,Современник,140,76,Если афиша Современника совпала с вашими датами - закладывайте вечер целиком
moscow-smotrovaya-ran,Смотровая РАН,140,82,"Два уровня впечатления: набережная внизу и вид с площадки РАН, когда доступ открыт"
moscow-izmaylovskiy-park,Измайловский парк,140,87,"Выберите Измайлово, когда нужен лес и длинные дорожки без обязательной «витрины центра»"
moscow-horalnaya-sinagoga,Хоральная синагога,140,87,"В Спасоглинищевском переулке фасад синагоги читается сразу: купол, лестница, тихий двор"
moscow-spaso-andronikov-monastyr,Спасо-Андроников монастырь,140,81,"За стеной у Яузы - белый ансамбль и тишина двора, хотя город уже шумит за оградой"
moscow-manezh,Манеж,140,101,"Под сводами зала меняются огромные временные проекты: свет, масштаб, очередь у входа зависит от афиши"
moscow-paleontologicheskiy-muzey,Палеонтологический музей,140,60,«Музей динозавров» на юго-западе - так его часто зовут гости
moscow-galereya-evropy-i-ameriki,Галерея Европы и Америки,140,76,"Похоже на продолжение Пушкинского, но это отдельный корпус с другим акцентом"
moscow-zdanie-mid,Здание МИД,140,101,"Как ещё одна сталинская высотка, только на Смоленской-Сенной, 32: здание МИД держит вертикаль площади"
moscow-pamyatnik-m-v-lomonosovu,Памятник М.В. Ломоносову,140,109,"Как университетский якорь у входа, только на Моховой, 9 с1: Ломоносов встречает поток к старому комплексу МГУ"
moscow-pamyatnik-sergeyu-eseninu,Памятник Сергею Есенину,140,77,Где на Тверском бульваре взять паузу между Пушкинской и Никитскими? У Есенина
moscow-art-obekt-uho-derevo-zhelaniy,Арт-объект «Ухо» (Дерево желаний),140,96,Если ищете короткий визуальный стоп в Бабьегородских переулках - «Ухо» / Дерево желаний у дома 2
moscow-oruzheynaya-palata,Оружейная палата,140,68,На склоне у Кремля высокая фигура князя держит взгляд ещё с Манежной
moscow-izmaylovskiy-park-i-kreml,Измайловский парк и кремль,140,62,Если нужен день вне Садового без поездки в область - Измайлово
moscow-teatr-natsiy,Театр Наций,140,85,Один вечер - один спектакль: Театр Наций на Петровке берут ради конкретной постановки
moscow-dr-zhivago,Dr. Живаго,140,48,Ужин у театральной площади с русской линией меню
moscow-mkz-zaryade,МКЗ «Зарядье»,140,76,"Концертный зал в Зарядье - отдельный вечер с билетом, а не прогулка по парку"
moscow-beluga,Белуга,140,79,Белуга у Моховой - ужин с видом на Кремль и русской кухней в узнаваемом формате
moscow-teatr-kukol-obraztsova,Театр кукол Образцова,140,53,"«Куклы и часы на фасаде» - то, что узнают ещё с улицы"
moscow-smotrovaya-ivana-velikogo,Смотровая Ивана Великого,140,72,"С колокольни Кремля Москва читается кольцами: крыши, площадь, река вдали"
dom-tehniki-5a8eb014d3528600188044d1,Дом техники,140,38,Центральная культурная площадка города
moscow-sad-ermitazh,Сад Эрмитаж,140,95,"Фонари, летние веранды, сцена под открытым небом - сад Эрмитаж между Петровкой и Каретным рядом"
moscow-botanicheskiy-sad-tsitsina,Ботанический сад Цицина,140,78,"Нужен день среди деревьев и оранжерей, а не среди витрин? Сад Цицина на севере"
moscow-lyuteranskiy-sobor-petra-i-pavla,Лютеранский собор Петра и Павла,140,96,"Похоже на европейский приход в центре Москвы: орган, высокие окна, спокойный двор в Старосадском"
ruki-vverh-bar-655ee8c3e0565283ae27fd10,Руки ВВерх! Бар,140,57,Концептуальный диско-бар в стиле хитов 90-х на набережной
moscow-vysoko-petrovskiy-monastyr,Высоко-Петровский монастырь,140,87,"Пять минут от Петровки - и уже другой масштаб: колокольня, двор, тишина внутри квартала"
moscow-panorama-borodinskaya-bitva,Панорама «Бородинская битва»,140,79,Если хотите один сильный визуальный удар про 1812 год - панорама на Кутузовском
moscow-chaynyy-dom-na-myasnitskoy,Чайный дом на Мясницкой,140,103,"Десять минут на Мясницкой, 19 - фасад Чайного дома уже в кадре: майолика, декор, узнаваемый объём улицы"
svoboda-koncert-holl-67d158e8683c81ab858aa4ff,Свобода Концерт Холл,140,39,Большой многоформатный музыкальный клуб
moscow-osobnyak-ryabushinskogo-muzey-kvartira-gorkogo,Особняк Рябушинского / Музей-квартира Горького,140,36,С улицы - обычный особняк в переулке
moscow-pamyatnik-v-i-leninu-kaluzhskaya-pl,Памятник В.И. Ленину (Калужская пл.),140,83,Если проходите Калужскую площадь - Ленин у Октябрьского тоннеля попадает в кадр сам
moscow-skulpturnaya-gruppa-klouny,Скульптурная группа «Клоуны»,140,74,Если идёте к цирку на Цветном - «Клоуны» у дома 15 с1 попадают в кадр сами
moscow-skulptura-prostranstvo-sveta,Скульптура «Пространство света»,140,78,"Три минуты на Садовнической, 3 - и скульптура «Пространство света» уже в кадре"
moscow-pamyatnik-gogolyu-skorbnyy-nikitskiy,"Памятник Гоголю (скорбный, Никитский)",140,102,"Сгорбившаяся фигура на скамейке у дома на Никитском - «грустный» Гоголь Андреева, не парадный монумент"
moscow-pamyatnik-m-yu-lermontovu,Памятник М.Ю. Лермонтову,140,93,Если Красная площадь уже закрыта и нужен короткий стоп на Садовом - Лермонтов у Черногрязской
moscow-pamyatnik-a-s-pushkinu,Памятник А.С. Пушкину,140,107,"На Пушкинской площади бронзовый Пушкин стоит в центре потока: витрины, переходы, реклама, люди с чемоданами"
moscow-twins-garden,Twins Garden,140,45,«Сад близнецов» на Страстном - ужин с записью
moscow-lenkom,Ленком,140,64,"Берите билет в Ленком под конкретный спектакль, а не «на здание»"
moscow-depo-lesnaya,Депо Лесная,140,47,Фуд-холл на Лесной - выбор еды под одной крышей
moscow-sirenevyy-sad,Сиреневый сад,140,81,Где весной поймать сирень без выезда далеко за МКАД? В Сиреневом саду на бульваре
moscow-smotrovaya-tsdm,Смотровая ЦДМ,140,73,«Крыша над Лубянкой» - смотровая ЦДМ даёт центр сверху без поездки в Сити
moscow-krasnogvardeyskie-prudy,Красногвардейские пруды,140,81,"«Пруды у Сити» - так точку часто описывают гости, когда ищут воду рядом с башнями"
moscow-hodynskoe-pole,Ходынское поле,140,90,"Бывшее лётное поле стало открытым пространством с парком, павильонами и широким горизонтом"
moscow-tserkov-ioanna-voina-na-yakimanke,Церковь Иоанна Воина на Якиманке,140,99,Пятнадцать минут от Политехнического музея пешком - и уже Якиманка с узнаваемым храмом Иоанна Воина
moscow-novospasskiy-monastyr,Новоспасский монастырь,140,93,"Зайдите за стены у Крестьянской площади, когда нужен спокойный двор без толпы Красной площади"
moscow-zachatevskiy-monastyr,Зачатьевский монастырь,140,68,Зайдите с Остоженки в переулок - за оградой тихий двор и белые стены
moscow-muzey-sosloviy-rossii-glazunov,Музей сословий России (Глазунов),140,87,Где увидеть галерею Глазунова и линию сословий в одном контуре? Во Всехсвятском проезде
moscow-muzey-dekorativno-prikladnogo-iskusstva,Музей декоративно-прикладного искусства,140,98,"Похоже на «ещё один музей на Садовом», но внутри - прикладное искусство, интерьеры, смена выставок"
esod-dom-evreiskoi-kultury-5811b5ab9cb5380c787b9cd8,ЕСОД дом еврейской культуры,140,73,Современный многофункциональный культурный центр на Петроградской стороне
moscow-darvinovskiy-muzey,Дарвиновский музей,140,41,Дарвиновский - это два-три часа без скуки
moscow-muzey-transporta-moskvy,Музей транспорта Москвы,140,32,Транспорт в натуральную величину
moscow-tsentralnyy-muzey-vov,Центральный музей ВОВ,140,84,"Несколько часов плотной экспозиции на площади Победы - залы, техника, личные истории"
moscow-muzey-v-v-mayakovskogo,Музей В.В. Маяковского,140,78,"Один дом на Мясницкой - и плотный рассказ о поэте: комнаты, афиши, голос эпохи"
moscow-mmoma,ММОМА,140,96,"Зайдите на Петровку, когда уже закрыли классику и хотите современное без поездки на Крымский Вал"
moscow-muzey-kriptografii,Музей криптографии,140,99,"На Марфинской - музей про коды, шифры и машины, которые обычно остаются за кадром шпионских фильмов"
moscow-zdanie-ssudnoy-kazny,Здание Ссудной казны,140,93,"Если гуляете у Тверской переулками - Ссудная казна в Настасьинском, 5 попадает в маршрут сама"
moscow-palaty-averkiya-kirillova,Палаты Аверкия Кириллова,140,117,"Пройдите к палатам на Берсеневской набережной, 18-20-22 с3: белокаменный объём у воды читается с набережной за минуты"
moscow-dom-narkomfina,Дом Наркомфина,140,111,"Серый ленточный фасад в Большом Девятинском, 5: Дом Наркомфина читается как манифест конструктивизма с тротуара"
lil-brazil-679a3f2cd8bb3b8643c1ccca,Lil Brazil,140,73,Яркий гриль-бар и ресторан с латиноамериканским колоритом на Пролетарской
moscow-pamyatnik-dyadya-stepa,Памятник «Дядя Степа»,140,91,Если с детьми идёте вдоль проспекта Мира - «Дядя Степа» у дома 33 к1 попадает в маршрут сам
moscow-sherlok-holms-i-doktor-vatson,Шерлок Холмс и доктор Ватсон,140,84,"Похоже на туристический кадр Лондона, но стоит на дублёре Нового Арбата у дома 31/12"
moscow-pamyatnik-aleksandru-ii,Памятник Александру II,140,85,Остановитесь у памятника на Волхонке между храмом Христа Спасителя и музеями квартала
moscow-art-obekt-krasnye-vorota-polisskiy,Арт-объект «Красные ворота» (Полисский),140,106,"Похоже на триумфальную арку, но из современных материалов и в другом жесте - объект Полисского у Басманной"
moscow-pamyatnik-v-v-mayakovskomu,Памятник В.В. Маяковскому,140,107,"Как площадь Маяковского держит шум Садового, так и сам памятник работает якорем встреч, а не тихим двориком"
moscow-art-obekt-bolshaya-glina-4,Арт-объект «Большая глина № 4»,140,80,На Болотной набережной огромная «глиняная» рука Урса Фишера сама попадает в кадр
moscow-dvorets-alekseya-mihaylovicha,Дворец Алексея Михайловича,140,100,Если уже в Коломенском - дворец Алексея Михайловича на Липовой аллее закрывает отдельный час-полтора
moscow-gostinyy-dvor,Гостиный двор,140,105,"Двадцать минут на Ильинке, 4 - и Гостиный двор уже обойдён снаружи: арки, двор, масштаб торговых корпусов"
moscow-staroe-zdanie-mgu,Старое здание МГУ,140,102,"Пройдите вдоль Моховой, 11 с1: старый университетский корпус держит классический фасад у самого центра"
moscow-pashkov-dom,Пашков дом,140,71,«Белый дом над Моховой» - Пашков дом читается с улицы и с угла у Кремля
moscow-tsentralnyy-telegraf,Центральный телеграф,140,62,"Фасад с часами на Тверской, 7, поток витрин и такси у подъезда"
alcatraz,ALCATRAZ,140,39,Культовый концертный клуб на Почаинской
moscow-hram-bolshoe-voznesenie,Храм Большое Вознесение,140,119,"Похоже на большой приходской якорь у Никитских ворот: белый объём, действующий храм, пауза между бульваром и переулками"
moscow-sretenskiy-monastyr,Сретенский монастырь,140,80,Если вы уже на Лубянке и нужен короткий выход из потока улицы - Сретенский рядом
moscow-danilov-monastyr,Данилов монастырь,140,82,"За стенами на Тульской слышен другой ритм: двор, храмы, тишина действующей обители"
moscow-anglikanskaya-tserkov-sv-andreya,Англиканская церковь Св. Андрея,140,91,Где в центре услышать англиканский приход и орган в другом акустическом объёме? В церкви Св
kultura-concert-hall-62be9e267994d75ded772667,KULTURA concert hall,140,63,Масштабный современный концертный зал на центральной набережной
vstrecha-na-ulice-u-vyhoda-no2-m-chistye-prudy-643d817bd6b254106575ffff,Чистые пруды,139,32,Встреча — на улице у выхода №2 м
sergiev-posad-5f0bf775047d68bbadd87c23,Сергиев-Посад,139,32,Знаменитый город Золотого кольца
m-mayakovskaya-barrikadnaya-67f680712b0a0e187ed0f2c8,"м. Маяковская, Баррикадная",139,77,Популярное место сбора экскурсионных групп у станций Маяковская и Баррикадная
lxv-6a059c9fe41deb2c9232e7c1,LXV,139,40,Эксклюзивный премиум-лаунж в Москва-Сити
bar-ne-lez-v-butylku-6a1d6812de36341cebe2dc01,Бар «Не лезь в бутылку»,139,57,Популярный концептуальный бар на пешеходной улице Баумана
molodost-6a1afe624535ab05f093d383,Молодость,139,43,Трендовый клуб-бар на Историческом бульваре
moscow-art-obekt-svetovoy-labirint,Арт-объект «Световой лабиринт»,139,109,"Пройдите световой лабиринт на Малой Пионерской: объект читается за минуту, кадр берётся с нескольких ракурсов"
park-attrakcionov-dustar-68d535794ffc8616b7713ec5,Парк аттракционов Дустар,139,50,Один из самых популярных парков аттракционов в Уфе
zavod-arma-69b427b222762e53e0924413,Завод АРМА,139,78,"Бывший газовый завод, превращенный в ультрамодный деловой и культурный квартал"
moscow-troitsa-v-hohlah,Троица в Хохлах,138,86,У Покровского бульвара белый храм сидит в зелени двора: тише туристических осей центра
dom-vintazhnoi-muzyki-6468a3fdb2516beb95c871ea,Дом винтажной музыки,138,59,Уникальный интерактивный музей аудиотехники на Орджоникидзе
mol-bar-6a33b6ae67448d9cadaa6d0f,Мол Бар,138,60,Современный молодежный бар и лаунж-пространство на Бабушкина
pravda-629c570c6a29deb8ea2e4d2c,Pravda,138,69,Масштабный концертный зал и клуб в здании бывшей советской типографии
the-old-school-pub-696fe34a3401853b887c9edd,The old school pub,138,37,Классический паб в Оружейном переулке
cirk-shapito-fantastic-6a3bfc6f2ba44800485568c6,"Цирк шапито ""FantastiC""",138,43,Передвижной цирковой комплекс в Южной Битце
muzei-usadba-g-r-derzhavina-5a04a866515e3500198b0d76,Музей-усадьба Г.Р. Державина,137,71,Уникальный мемориальный и архитектурный комплекс XVIII века на Фонтанке
moscow-pamyatnik-vracham-geroyam,Памятник врачам-героям,137,90,"Тишина у Большой Пироговской, 19: мемориал врачам-героям стоит среди медицинского квартала"
dk-im-lenina-5d5eca0ec64e8b3cf8a6741d,ДК им. Ленина,137,60,Отреставрированный дворец культуры в Авиастроительном районе
evgenich-6a16a1e60a2f3ceb995caf39,Евгенич,137,58,Душевный концептуальный бар на главной барной улице города
moscow-pamyatnik-chaykovskomu,Памятник Чайковскому,137,81,У консерватории на Большой Никитской фигура читается с тротуара за минуту подхода
moscow-zoologicheskiy-muzey-mgu,Зоологический музей МГУ,137,56,Зоологический на Никитской - классика диорам и коллекций
voronezh-ryumochnaya-kulturno-korotko,Рюмочная «Культурно Коротко»,137,83,"Авторские настойки («борщ», «копченая груша», «щавель») и бутерброды на бородинском"
kulturama-obrazovatelnyi-klaster-6a0b2679ac295f67517418dc,КУЛЬТУРАМА. Образовательный кластер,136,60,Креативное научно-популярное пространство на Обводном канале
otel-nacional-zal-moskovskii-5e5bef926a2d507456495245,"Отель ""Националь"" / зал ""Московский""",136,46,Премиальная историческая локация у стен Кремля
kc-petrokongress-5a8d453b519f7b0018287ab1,"КЦ ""Петроконгресс""",136,51,Современный конгресс-центр на Петроградской стороне
bar-bastion-6996c1b880aacc674e11df7c,Бар «Бастион»,136,45,Атмосферный рок-бар с историческим характером
skk-dvorec-sporta-imeni-vladimira-vysockogo-65c1d1f760a88120286305b1,"СКК ""Дворец Спорта имени Владимира Высоцкого""",136,65,Крупнейшая спортивно-концертная арена Самары на Молодогвардейской
cargo-cult-5c7038ef7500ae000ca8bf9c,Cargo Cult,136,81,Андеграундный клуб на Почаинской с акцентом на электронную и альтернативную сцену
vmyaso-66398a854da58a6fcbc8a083,"""Вмясо""",136,42,Популярный мясной ресторан на улице Ленина
dk-gaz,"ДК ""ГАЗ""",136,51,Исторический дворец культуры в Автозаводском районе
pod3emka-club-61c9d4d4c308674d1dbc39a9,Pod3emka Club,136,53,Ночной клуб и концертная площадка на переулке Сельмаш
moscow-pamyatnik-evgeniyu-leonovu,Памятник Евгению Леонову,135,75,"«Любимый актёр у студии» - коротко про фигуру Леонова на Мосфильмовской, 12"
pamyatnik-pushkinu-pushkinskaya-ploschad-60508fa06f80350cd3d8b1a4,"Памятник Пушкину, Пушкинская площадь",135,66,Один из главных и самых узнаваемых исторических ориентиров столицы
etnopark-zemlya-legend-648b25312152d49943d3e1a9,"этнопарк ""Земля легенд""",135,46,Интерактивная историческая деревня в пригороде
novosibirsk-koltsovo,Наукоград Кольцово,135,71,"Наукоград у Новосибирска: биотехнопарк, каскад прудов и парк с лебедями"
novosibirsk-suzun,Сузун,135,87,"Заводской поселок с монетным двором Сибири: толчельня, музей и плотина на Нижнем Сузуне"
novosibirsk-iskitim-lozhok,Искитим / Ложок,135,92,"Святой ключ в Ложке: храм Новомучеников, источник, купели и музей Сиблага под открытым небом"
dzhem-klub-myuzik,Джем Клуб Мьюзик,135,53,Уютный музыкальный клуб Андрея Макаревича на Сретенке
moscow-glavnoe-zdanie-mgu,Главное здание МГУ,135,44,Высотка на Воробьёвых - якорь на час взгляда
voronezh-spikizi-bar-arhiv,Спикизи-бар «Архив»,135,87,"Секретный коктейльный бар без вывески: полумрак, винтаж и меню в виде архивных карточек"
moscow-pamyatnik-anne-ahmatovoy,Памятник Анне Ахматовой,135,61,"Пять минут на Большой Ордынке, 18 с1 - и Ахматова уже в кадре"
rizzw-65ec617f27fb270901b2d607,RizzW,135,64,Современный и атмосферный лаунж-бар в лофт-квартале на Советской
hudozhestvennyi-muzei-musora-kaliningrad-mu-mu-ka-638777200ef76982d34038d4,"Художественный МУзей МУсора КАлининград ""МУ МУ КА""",135,67,"Уникальный экологический музей, где отходы превращены в арт-объекты"
kaleidoscope-6602f362605d3e772ca71a8f,Kaleidoscope,135,74,Современное креативное пространство и развлекательный центр для всей семьи
studiya-svechei-ogonek-6613fe34576e993d444dc8e2,Студия свечей OGONEK,135,28,Уютная творческая мастерская
art-lab-medovarus-5f497fb21ff352e2ffa13b77,Art Lab Medovarus,134,47,Гастропаб и арт-пространство на Мучном переулке
tri-tolstyaka-6279fa8d6863ceb704c90ba6,Три толстяка,134,64,Популярный ресторан и развлекательная площадка на Народной улице
dk-zheleznodorozhnikov-59db4a2f519f7b001bd790f9,ДК Железнодорожников,134,57,Классический дворец культуры с богатой историей у вокзала
moscow-park-fili,Парк «Фили»,134,88,"У Филёвской набережной парк уходит вдоль Москвы-реки: аллеи, тень, длинный горизонт воды"
art-prostranstvo-lyumer-holl-g-moskva-54cabc2b9cb5385a9f65b95a,Арт-пространство Люмьер Холл,134,56,Мультимедийный цифровой центр на Берсеневской набережной
dvorec-kultury-i-sporta-gazovik-5bebfb2204b169000b7fec4e,Дворец культуры и спорта Газовик,134,44,Многофункциональный комплекс в центре города
metro-kurskaya-67f42f455560fd53adbd9057,"метро ""Курская""",134,45,Крупнейший транспортный узел в центре столицы
peresvet-arena-63186370f32babf653f166d8,Пересвет-Арена,134,114,"""Пересвет-Арена"" это универсальное пространство, расположенное в самом центре города Ростов-на-Дону, по адресу: ул"
loft-park-podzemka-zal-osobennyi-6011fb14a9733791f8aae4f6,"Лофт-парк ""Подземка"" (зал ""Особенный"")",133,49,Креативное лофт-пространство на Красном проспекте
muzeinyi-centr-ploschad-mira-5b59418f515e35001ebf3c42,"Музейный центр ""Площадь Мира""",133,51,Крупнейшая в Сибири площадка современного искусства
stadion-polet,"Стадион ""Полёт""",133,30,Открытый стадион «Полёт» на ул
moscow-ugolek,Уголёк,133,81,«Огонь и вино в Кисловском» - Уголёк как вечерний якорь между Никитской и Арбатом
moscow-troitsa-v-nikitnikah,Троица в Никитниках,132,84,«Красный храм на Варварке» - Троица в Никитниках с богатым декором и камерным двором
stand-up-bar-67c353efa6e773e2c69a4a3a,Stand up bar,132,46,Главная комедийная площадка города на Радищева
koncert-holl-svoboda-5e0f618ecfb1be2535dd1dea,"Концерт-холл ""Свобода""",132,31,Многоформатный музыкальный клуб
osobnyak-matildy-kshesinskoi-69f05c42ff6c821d5991fb53,Особняк Матильды Кшесинской,132,66,Великолепный памятник архитектуры модерна на Петроградской стороне
mezhdunarodnyi-aeroport-sheremetevo-terminal-s-63332076aef7ae36f1820154,Международный аэропорт Шереметьево. Терминал С,132,55,Ультрасовременный терминал крупнейшего аэропорта страны
bar-escobar-68306600d8b62d461d93d399,Бар Escobar,132,51,Ресто-бар с верандами и по-настоящему живой музыкой
efir-61314f1afdd443fce5528883,ЭФИР,132,49,Стильное современное городское пространство и бар
moscow-pamyatnik-iosifu-brodskomu,Памятник Иосифу Бродскому,132,70,"В Девятинском переулке фигура поэта стоит камерно, без площади-витрины"
union-5e4c19a341fa1815019d222e,Union,132,37,Концертный клуб на Литейном проспекте
rotonda-5f64f74a25c3d5b5cd8b565a,Ротонда,131,59,Знаменитый адрес «Литературного дома» в самом сердце города
stage-standup-club-chernyi-zal-5d72d3cbcccd321d1725438b,Stage StandUp Club | Черный зал |,131,39,Популярный комедийный клуб на Восстания
trc-planeta-1-etazh-centralnyi-vhod-nalevo-69b931fa17c1b408596bad38,"ТРЦ ""Планета"" 1 этаж,  центральный вход, налево",131,45,Центральный вход крупного торгового комплекса
dk-himik-63ad3b3f28d9b12c9fc2aeb2,ДК Химик,131,63,Главный культурный и досуговый центр города на улице Ломоносова
premio-698f02c22c3b4bb469e98598,Premio,131,68,Стильный концертно-ресторанный комплекс на Нижне-Волжской набережной
tatneft-arena-604f0bdf229a249f6cb8f88c,Татнефть Арена,131,41,Один из крупнейших ледовых дворцов Европы
ryazan-grib-rybak,Гриб-Рыбак,131,91,"Крошечный упитанный гриб в рыбацкой лодке, который держит в руках только что пойманную рыбу"
klub-galereya-69e6b0271684dd19dabbe903,Клуб «Галерея»,131,48,Премиальная локация ночной жизни на Новом Арбате
rock-club-68bdbe0321235acdf40609e2,Rock Club,130,37,Культовый рок-бар на улице Лермонтова
chelyabinsk-gorodskoy-bor,Челябинский городской бор,130,75,Реликтовый сосновый лес естественного происхождения у центральных кварталов
lounge-bar-1-2-of-you-liteinyi-697e32d424b6621a748ce7cc,Lounge Bar 1/2 of You ЛИТЕЙНЫЙ,130,40,Лаунж-пространство в самом центре города
место-отправления-teplohod-1130,Место отправления Teplohod,129,47,Место отправления Teplohod — причал в Ярославль
novaya-tretyakovskaya-galereya-ff57ae659039,Новая Третьяковская галерея,129,74,Главный музей русского авангарда и искусства XX–XXI веков на Крымском Валу
alcatraz-bar-62fe35971ce66b113f7f180a,Alcatraz Bar,128,60,Бар и концертная площадка в кластере заведений на Почаинской
moscow-ekaterininskiy-park,Екатерининский парк,128,72,"Заложите час на аллеи у Олимпийского: пруд, тень, обычный районный поток"
panterik-stankolit-67ffe7a41240befd6bc8d593,Пантерик Станколит,127,42,Уникальный интерактивный зооцентр экзотики
m-kuzneckii-most-667b0bf1e20c98e4aba1c14d,м. Кузнецкий мост,127,45,Оживленная точка в историческом центре города
voronezh-ryumochnaya-zyuzya,Рюмочная «Зюзя»,126,83,"Ироничное советское ретро: домашние наливки, соленья в граненых стаканчиках и винил"
место-отправления-teplohod-1210,Место отправления Teplohod,126,44,Место отправления Teplohod — причал в Казань
moscow-profsoyuz-bar-klaster,Профсоюз (бар-кластер),126,69,Если нужен вечерний кластер вне Тверской - Профсоюз на Новослободской
roof-place-5cf52957389e06000d0f1ef3,Roof Place,125,74,Атмосферная концертная площадка на крыше в культурном квартале «Брусницын»
dzhaz-klub-igorya-butmana-66b3573c2db974aba923ad44,Джаз-клуб Игоря Бутмана,125,52,Премиальная музыкальная локация на канале Грибоедова
pl-vosstaniya-6a27e5aa03f4b9692e87d7b3,пл.Восстания,125,69,Главный транспортный и экскурсионный хаб города у Московского вокзала
yusupovskiy-dvorec-63986bf7a7df,Юсуповский дворец,125,67,Роскошный дворец на Мойке с парадными залами и легендарной историей
moscow-savva,Savva,125,35,Ужин с видом на Театральную площадь
tyumen-yalutorovsk,Ялуторовский острог,125,91,"Деревянная крепость, декабристы и столица блинов: гигантская сковорода и Сретенская ярмарка"
v-gostyah-u-asthik-6a149f1ceb1725530513edcc,В гостях у Астхик,124,52,Камерное гастрономическое пространство на Жуковского
vl-kino-vysshaya-liga-697393a9e30a3649216c43af,“VL Кино” (Высшая лига),124,59,Киноконцертный зал и развлекательный комплекс на Московской
pivnoi-restoran-kalashnyi-689b2d37bfd08ada819f6d02,Пивной ресторан «Калашный»,124,56,Атмосферное гастрономическое заведение у метро Арбатская
zorka-panoramic-terrace-bar-66b2659c781439072e03ccca,Zorka Panoramic Terrace & Bar,124,36,Видовой ресторан на Воробьевых горах
novaya-basmannaya-14-605a3161740c6a4a4055a6a7,"Новая Басманная,14",124,34,Старинный адрес в Басманном районе
klub-fasol-67e7a67aa7e7cf04813e1372,Клуб FASOLЬ,124,54,Музыкальный клуб в ТЦ «Горский» на Немировича-Данченко
tyumen-tyumenskiy-dramaticheskiy-teatr,Тюменский большой драматический театр,123,101,"Одно из крупнейших театральных зданий страны: около 36000 м², больше МХАТа и Большого по площади пола"
restoran-pelikan-68931d82f0c72ec268ee98f6,Ресторан Пеликан,123,48,Ресторан на Иртышской набережной с видом на реку
muzei-emalernogo-iskusstva-emalis-697688d695af243b87d3d73d,"Музей эмальерного искусства ""Эмалис""",123,52,"Арт- резиденция Музея эмальерного искусства ""Эмалис"""
moscow-malyy-teatr,Малый театр,123,38,Малый - классика у Театральной площади
bolshoi-petergofskii-dvorec-68c6ae79d5b98d58ded70411,Большой Петергофский дворец,123,52,Дворцово-парковый ансамбль на берегу Финского залива
moscow-staryy-angliyskiy-dvor,Старый Английский двор,122,50,"Белые палаты на Варварке, 4А - час камерного музея"
restoran-kama-5c7d0808a5c32c000b8cac6c,Ресторан Кама,122,45,Ресторан европейской кухни на Сибирской улице
rostov-na-donu-tanais-muzey-amfor,Танаис,121,120,"Античный город под открытым небом в степи: греческие руины, сарматский след и сильное ощущение южной границы цивилизаций"
saint-petersburg-sidreriya-sidr-i-nensi,Сидрерия «Сидр и Нэнси»,121,120,Главная точка концентрации любителей локальных и импортных сидров на улице Некрасова с огромной коллекцией редких сортов
smolensk-lopatinskiy-sad,Лопатинский сад,121,120,"Старейший городской парк Смоленска внутри крепостного рва с прудами, черными лебедями, аттракционами и колесом обозрения"
saint-petersburg-bar-balans-belogo,Бар «Баланс Белого»,121,120,Популярный крафтовый бар в креативном кластере «Севкабель Порт» с видом на залив и огромной ротацией локальных пивоварен
saransk-ploschad-tysyacheletiya-i-fontan-zvezda-mordovii,Площадь Тысячелетия и фонтан «Звезда Мордовии»,121,120,"Ультрасовременная площадь с плоскостным фонтаном «Звезда Мордовии» диаметром 60 метров, лазерным шоу и гранитной плиткой"
panorama-6907964a6f54064c3171dc8a,Панорама,121,120,"Ресторанный комплекс на высоте в Сочи, откуда открывается завораживающий круговой обзор на Кавказские горы и Черное море"
chelyabinsk-chtz,Ансамбль ЧТЗ,121,63,"Танкоград: заводские корпуса и Дворец культуры на Ленина, 15-25"
rostov-na-donu-tanais,Танаис,121,120,"Античный город под открытым небом в степи: греческие руины, сарматский след и сильное ощущение южной границы цивилизаций"
mesto-vstrechi-m-arbatskaya-sinyaya-liniya-vyhod-no8-srazu-na-vyhode-iz-metro-vas-vstretit-gid-s-tablichkoi-lyubimyi-gorod-6812,"Место встречи: м. Арбатская (синяя линия), выход №8, сразу на выходе из метро вас встретит гид с табличкой Любимый город.",121,16,Место встречи: м
saint-petersburg-nizhniy-park-petergofa,Нижний парк Петергофа,121,120,"регулярный парадный сад Петра I на берегу Финского залива со знаменитой системой фонтанов, работающей вообще без насосов"
большои-гатчинскии-дворец-69e48dd72de5596b2502717b,Большой Гатчинский дворец,121,120,"суровый охотничий замок Антонио Ринальди из пудостского камня, скрывающий 130-метровый подземный ход к Серебряному озеру"
