moskva|Москва|351|37|140|351|350|351|0|0|6|11|100|TIER1
санкт-петербург|Санкт-Петербург|245|38|129|245|242|245|0|0|11|16|100|TIER1
москва|Москва|31|18|31|28|28|31|0|0|0|58|100|TIER1
екатеринбург|Екатеринбург|40|5|18|40|39|40|0|0|0|13|100|TIER2
новосибирск|Новосибирск|32|5|12|32|32|32|0|0|0|16|100|TIER2
краснодар|Краснодар|26|6|13|26|26|26|0|0|0|23|100|TIER2
нижнии-новгород|Нижний Новгород|39|2|23|39|39|39|0|0|0|5|100|TIER3
казань|Казань|36|2|17|36|36|36|0|0|0|6|100|TIER3
красноярск|Красноярск|25|2|13|25|25|25|0|0|1|8|100|TIER3
воронеж|Воронеж|25|1|10|25|25|25|0|0|0|4|100|TIER3
самара|Самара|24|1|8|24|24|24|0|0|0|4|100|TIER3
уфа|Уфа|19|1|9|19|19|19|0|0|0|5|100|TIER3
челябинск|Челябинск|18|2|8|18|18|18|0|0|0|11|100|TIER3
саратов|Саратов|18|1|6|18|18|18|0|0|0|6|100|TIER3
ростов-на-дону|Ростов-на-Дону|16|1|8|16|16|16|0|0|0|6|100|TIER3
сочи|Сочи|15|2|8|15|15|15|0|0|0|13|100|TIER3
рязань|Рязань|14|1|6|14|14|14|0|0|0|7|100|TIER3
тула|Тула|13|2|4|13|13|13|0|0|0|15|100|TIER3
киров-кировская-область|Киров (Кировская область)|12|1|2|12|12|12|0|0|0|8|100|TIER3
тюмень|Тюмень|11|1|7|11|11|11|0|0|0|9|100|TIER3
владимир|Владимир|11|1|3|11|11|11|0|0|0|9|100|TIER3
оренбург|Оренбург|10|1|4|10|10|10|0|0|0|10|100|TIER3
ульяновск|Ульяновск|9|2|3|9|9|9|0|0|0|22|100|TIER3
ставрополь|Ставрополь|7|1|3|7|7|7|0|0|0|14|100|TIER3
орел|Орёл|5|1|2|5|5|5|0|0|0|20|100|TIER3
великии-новгород|Великий Новгород|4|1|1|4|4|4|0|0|0|25|100|TIER3
мытищи|Мытищи|3|1|1|3|3|3|0|0|0|33|100|TIER3
воскресенск|Воскресенск|2|1|1|2|2|2|0|0|0|50|100|TIER3
березники|Березники|2|1|1|2|2|2|0|0|0|50|100|TIER3
пермь|Пермь|20|0|8|20|20|20|0|0|0|0|100|NOT_READY
омск|Омск|19|0|8|19|19|19|0|0|0|0|100|NOT_READY
волгоград|Волгоград|13|0|3|13|13|13|0|0|0|0|100|NOT_READY
пенза|Пенза|11|0|4|11|11|11|0|0|0|0|100|NOT_READY
набережные-челны|Набережные Челны|11|0|4|11|11|11|0|0|0|0|100|NOT_READY
иркутск|Иркутск|11|0|7|11|11|11|0|0|0|0|100|NOT_READY
ярославль|Ярославль|11|0|8|11|11|11|0|0|0|0|100|NOT_READY
калининград|Калининград|10|0|4|10|10|10|0|0|0|0|100|NOT_READY
барнаул|Барнаул|10|0|4|10|10|10|0|0|0|0|100|NOT_READY
тверь|Тверь|9|0|2|9|9|9|0|0|0|0|100|NOT_READY
ижевск|Ижевск|9|0|3|9|9|9|0|0|0|0|100|NOT_READY
не-указан|Не указан|8|0|8|0|0|8|0|0|0|0|100|NOT_READY
владивосток|Владивосток|8|0|5|8|8|8|0|0|0|0|100|NOT_READY
череповец|Череповец|8|0|1|8|8|8|0|0|0|0|100|NOT_READY
новокузнецк|Новокузнецк|7|0|5|7|7|7|0|0|0|0|100|NOT_READY
брянск|Брянск|7|0|2|7|7|7|0|0|0|0|100|NOT_READY
липецк|Липецк|7|0|3|7|7|7|0|0|0|0|100|NOT_READY
хабаровск|Хабаровск|7|0|6|7|7|7|0|0|0|0|100|NOT_READY
чита|Чита|7|0|3|7|7|7|0|0|0|0|100|NOT_READY
курган|Курган|6|0|4|6|6|6|0|0|0|0|100|NOT_READY
курск|Курск|6|0|1|6|6|6|0|0|0|0|100|NOT_READY
архангельск|Архангельск|6|0|0|6|5|6|0|0|0|0|100|NOT_READY
иваново|Иваново|6|0|2|6|6|6|0|0|0|0|100|NOT_READY
вологда|Вологда|6|0|1|6|6|6|0|0|0|0|100|NOT_READY
чебоксары|Чебоксары|6|0|2|6|6|6|0|0|0|0|100|NOT_READY
сургут|Сургут|6|0|2|6|6|6|0|0|0|0|100|NOT_READY
иошкар-ола|Йошкар-Ола|6|0|2|6|6|6|0|0|0|0|100|NOT_READY
тольятти|Тольятти|6|0|3|6|6|6|0|0|0|0|100|NOT_READY
саранск|Саранск|5|0|3|5|5|5|0|0|0|0|100|NOT_READY
калуга|Калуга|5|0|1|5|5|5|0|0|0|0|100|NOT_READY
томск|Томск|5|0|3|5|5|5|0|0|0|0|100|NOT_READY
кемерово|Кемерово|5|0|3|5|5|5|0|0|0|0|100|NOT_READY
псков|Псков|5|0|1|5|5|5|0|0|0|0|100|NOT_READY
тамбов|Тамбов|5|0|2|5|5|5|0|0|0|0|100|NOT_READY
южно-сахалинск|Южно-Сахалинск|5|0|1|5|5|5|0|0|0|0|100|NOT_READY
улан-удэ|Улан-Удэ|5|0|3|5|5|5|0|0|0|0|100|NOT_READY
смоленск|Смоленск|5|0|1|5|5|5|0|0|0|0|100|NOT_READY
комсомольск-на-амуре|Комсомольск-на-Амуре|5|0|3|5|5|5|0|0|0|0|100|NOT_READY
мурманск|Мурманск|4|0|0|4|4|4|0|0|0|0|100|NOT_READY
петрозаводск|Петрозаводск|4|0|0|4|4|4|0|0|0|0|100|NOT_READY
зеленоград|Зеленоград|4|0|1|4|4|4|0|0|0|0|100|NOT_READY
благовещенск-амурская-область|Благовещенск (Амурская область)|4|0|1|4|4|4|0|0|0|0|100|NOT_READY
абакан|Абакан|4|0|1|4|4|4|0|0|0|0|100|NOT_READY
нижнии-тагил|Нижний Тагил|3|0|2|3|3|3|0|0|0|0|100|NOT_READY
стерлитамак|Стерлитамак|3|0|2|3|3|3|0|0|0|0|100|NOT_READY
петропавловск-камчатскии|Петропавловск-Камчатский|3|0|0|3|3|3|0|0|0|0|100|NOT_READY
раменское|Раменское|3|0|1|3|3|3|0|0|0|0|100|NOT_READY
подольск|Подольск|3|0|2|3|3|3|0|0|0|0|100|NOT_READY
альметьевск|Альметьевск|3|0|1|3|3|3|0|0|0|0|100|NOT_READY
белгород|Белгород|3|0|1|3|3|3|0|0|0|0|100|NOT_READY
великие-луки|Великие Луки|3|0|1|3|3|3|0|0|0|0|100|NOT_READY
коломна|Коломна|3|0|1|3|3|3|0|0|0|0|100|NOT_READY
нижнекамск|Нижнекамск|3|0|0|3|3|3|0|0|0|0|100|NOT_READY
кострома|Кострома|3|0|1|3|3|3|0|0|0|0|100|NOT_READY
уссурииск|Уссурийск|3|0|1|3|3|3|0|0|0|0|100|NOT_READY
симферополь|Симферополь|3|0|1|3|3|3|0|0|0|0|100|NOT_READY
обнинск|Обнинск|3|0|2|3|3|3|0|0|0|0|100|NOT_READY
армавир|Армавир|2|0|0|2|2|2|0|0|0|0|100|NOT_READY
северодвинск|Северодвинск|2|0|0|2|2|2|0|0|0|0|100|NOT_READY
гатчина|Гатчина|2|0|0|2|2|2|0|0|0|0|100|NOT_READY
магнитогорск|Магнитогорск|2|0|0|2|2|2|0|0|0|0|100|NOT_READY
пятигорск|Пятигорск|2|0|0|2|2|2|0|0|0|0|100|NOT_READY
истра|Истра|2|0|0|2|2|2|0|0|0|0|100|NOT_READY
орехово-зуево|Орехово-Зуево|2|0|0|2|2|2|0|0|0|0|100|NOT_READY
астрахань|Астрахань|2|0|0|2|2|2|0|0|0|0|100|NOT_READY
волгодонск|Волгодонск|2|0|0|2|2|2|0|0|0|0|100|NOT_READY
видное|Видное|2|0|1|2|2|2|0|0|0|0|100|NOT_READY
серпухов|Серпухов|2|0|0|2|2|2|0|0|0|0|100|NOT_READY
шахты|Шахты|2|0|0|2|2|2|0|0|0|0|100|NOT_READY
севастополь|Севастополь|2|0|1|2|2|2|0|0|0|0|100|NOT_READY
нижневартовск|Нижневартовск|2|0|0|2|2|2|0|0|0|0|100|NOT_READY
нефтекамск|Нефтекамск|2|0|1|2|2|2|0|0|0|0|100|NOT_READY
сыктывкар|Сыктывкар|2|0|1|2|2|2|0|0|0|0|100|NOT_READY
бииск|Бийск|2|0|1|2|2|2|0|0|0|0|100|NOT_READY
сызрань|Сызрань|2|0|0|2|2|2|0|0|0|0|100|NOT_READY
люберцы|Люберцы|2|0|0|2|2|2|0|0|0|0|100|NOT_READY
солнечногорск|Солнечногорск|2|0|0|2|2|2|0|0|0|0|100|NOT_READY
ефремов|Ефремов|2|0|1|2|2|2|0|0|0|0|100|NOT_READY
миасс|Миасс|2|0|0|2|2|2|0|0|0|0|100|NOT_READY
маикоп|Майкоп|2|0|0|2|2|2|0|0|0|0|100|NOT_READY
новороссииск|Новороссийск|2|0|2|2|2|2|0|0|0|0|100|NOT_READY
балашиха|Балашиха|2|0|1|2|2|2|0|0|0|0|100|NOT_READY
саров|Саров|2|0|1|2|2|2|0|0|0|0|100|NOT_READY
ангарск|Ангарск|2|0|0|2|2|2|0|0|0|0|100|NOT_READY
донецк-донецкая-область|Донецк (Донецкая область)|2|0|0|2|2|2|0|0|0|0|100|NOT_READY
мариуполь|Мариуполь|2|0|0|2|2|2|0|0|0|0|100|NOT_READY
сергиев-посад|Сергиев Посад|2|0|2|2|2|2|0|0|0|0|100|NOT_READY
анапа|Анапа|1|1|1|1|1|1|0|0|0|100|100|NOT_READY
железногорск|Железногорск|1|0|0|1|1|1|0|0|0|0|100|NOT_READY
могоча|Могоча|1|0|0|1|1|1|0|0|0|0|100|NOT_READY
яранск|Яранск|1|0|1|1|1|1|0|0|0|0|100|NOT_READY
горбунки|Горбунки|1|0|0|1|1|1|0|0|0|0|100|NOT_READY
тихорецк|Тихорецк|1|0|0|1|1|1|0|0|0|0|100|NOT_READY
пикалево|Пикалёво|1|0|0|1|1|1|0|0|0|0|100|NOT_READY
кузнецк|Кузнецк|1|0|0|1|1|1|0|0|0|0|100|NOT_READY
углич|Углич|1|0|0|1|1|1|0|0|0|0|100|NOT_READY
бузулук|Бузулук|1|0|1|1|1|1|0|0|0|0|100|NOT_READY
надым|Надым|1|0|0|1|1|1|0|0|0|0|100|NOT_READY
монино|Монино|1|0|0|1|1|1|0|0|0|0|100|NOT_READY
урень|Урень|1|0|0|1|1|1|0|0|0|0|100|NOT_READY
всеволожск|Всеволожск|1|0|1|1|1|1|0|0|0|0|100|NOT_READY
осака|Осака|1|0|1|1|1|1|0|0|0|0|100|NOT_READY
куровское|Куровское|1|0|1|1|1|1|0|0|0|0|100|NOT_READY
узловая|Узловая|1|0|1|1|1|1|0|0|0|0|100|NOT_READY
геленджик|Геленджик|1|0|1|1|1|1|0|0|0|0|100|NOT_READY
соль-илецк|Соль-Илецк|1|0|0|1|1|1|0|0|0|0|100|NOT_READY
клинцы|Клинцы|1|0|0|1|1|1|0|0|0|0|100|NOT_READY
суздаль|Суздаль|1|0|0|1|1|1|0|0|0|0|100|NOT_READY
семилуки|Семилуки|1|0|0|1|1|1|0|0|0|0|100|NOT_READY
донецк-ростовская-область|Донецк (Ростовская область)|1|0|0|1|1|1|0|0|0|0|100|NOT_READY
чехов-московская-область|Чехов (Московская область)|1|0|0|1|1|1|0|0|0|0|100|NOT_READY
чапаевск|Чапаевск|1|0|0|1|1|1|0|0|0|0|100|NOT_READY
кировск-мурманская-область|Кировск (Мурманская область)|1|0|0|1|1|1|0|0|0|0|100|NOT_READY
тбилиси|Тбилиси|1|0|0|1|1|1|0|0|0|0|100|NOT_READY
ухта|Ухта|1|0|1|1|1|1|0|0|0|0|100|NOT_READY
новочеркасск|Новочеркасск|1|0|0|1|1|1|0|0|0|0|100|NOT_READY
ржев|Ржев|1|0|0|1|1|1|0|0|0|0|100|NOT_READY
сибаи|Сибай|1|0|0|1|1|1|0|0|0|0|100|NOT_READY
белогорск|Белогорск|1|0|0|1|1|1|0|0|0|0|100|NOT_READY
данилов|Данилов|1|0|0|1|1|1|0|0|0|0|100|NOT_READY
отрадныи|Отрадный|1|0|0|1|1|1|0|0|0|0|100|NOT_READY
джалиль|Джалиль|1|0|0|1|1|1|0|0|0|0|100|NOT_READY
лиски|Лиски|1|0|0|1|1|1|0|0|0|0|100|NOT_READY
пугачев|Пугачев|1|0|0|1|1|1|0|0|0|0|100|NOT_READY
акъяр|Акъяр|1|0|0|1|1|1|0|0|0|0|100|NOT_READY
шексна|Шексна|1|0|0|1|1|1|0|0|0|0|100|NOT_READY
агинское|Агинское|1|0|0|1|1|1|0|0|0|0|100|NOT_READY
вырица|Вырица|1|0|0|1|1|1|0|0|0|0|100|NOT_READY
новоалтаиск|Новоалтайск|1|0|0|1|1|1|0|0|0|0|100|NOT_READY
белебеи|Белебей|1|0|1|1|1|1|0|0|0|0|100|NOT_READY
егорьевск|Егорьевск|1|0|1|1|1|1|0|0|0|0|100|NOT_READY
зараиск|Зарайск|1|0|0|1|1|1|0|0|0|0|100|NOT_READY
кировград|Кировград|1|0|0|1|1|1|0|0|0|0|100|NOT_READY
новомосковск|Новомосковск|1|0|0|1|1|1|0|0|0|0|100|NOT_READY
киров-калужская-область|Киров (Калужская область)|1|0|0|1|1|1|0|0|0|0|100|NOT_READY
владикавказ|Владикавказ|1|0|0|1|1|1|0|0|0|0|100|NOT_READY
соликамск|Соликамск|1|0|1|1|1|1|0|0|0|0|100|NOT_READY
городец|Городец|1|0|0|1|1|1|0|0|0|0|100|NOT_READY
сретенск|Сретенск|1|0|0|1|1|1|0|0|0|0|100|NOT_READY
унеча|Унеча|1|0|0|1|1|1|0|0|0|0|100|NOT_READY
таруса|Таруса|1|0|1|1|1|1|0|0|0|0|100|NOT_READY
октябрьскии-республика-башкортостан|Октябрьский (Республика Башкортостан)|1|0|0|1|1|1|0|0|0|0|100|NOT_READY
новыи-уренгои|Новый Уренгой|1|0|0|1|1|1|0|0|0|0|100|NOT_READY
мичуринск|Мичуринск|1|0|0|1|1|1|0|0|0|0|100|NOT_READY
братск|Братск|1|0|1|1|1|1|0|0|0|0|100|NOT_READY
горячии-ключ|Горячий Ключ|1|0|0|1|1|1|0|0|0|0|100|NOT_READY
мегион|Мегион|1|0|0|1|1|1|0|0|0|0|100|NOT_READY
белово|Белово|1|0|0|1|1|1|0|0|0|0|100|NOT_READY
фрязино|Фрязино|1|0|0|1|1|1|0|0|0|0|100|NOT_READY
таганрог|Таганрог|1|0|0|1|1|1|0|0|0|0|100|NOT_READY
якутск|Якутск|1|0|0|1|1|1|0|0|0|0|100|NOT_READY
бугуруслан|Бугуруслан|1|0|0|1|1|1|0|0|0|0|100|NOT_READY
бугульма|Бугульма|1|0|1|1|1|1|0|0|0|0|100|NOT_READY
горно-алтаиск|Горно-Алтайск|1|0|0|1|1|1|0|0|0|0|100|NOT_READY
запрудня|Запрудня|1|0|0|1|1|1|0|0|0|0|100|NOT_READY
дмитров|Дмитров|1|0|1|1|1|1|0|0|0|0|100|NOT_READY
домодедово|Домодедово|1|0|1|1|1|1|0|0|0|0|100|NOT_READY
отрадное-ленинградская-область|Отрадное (Ленинградская область)|1|0|0|1|1|1|0|0|0|0|100|NOT_READY
воткинск|Воткинск|1|0|0|1|1|1|0|0|0|0|100|NOT_READY
нерюнгри|Нерюнгри|1|0|0|1|1|1|0|0|0|0|100|NOT_READY
балаково|Балаково|1|0|0|1|1|1|0|0|0|0|100|NOT_READY
усмань|Усмань|1|0|0|1|1|1|0|0|0|0|100|NOT_READY
красныи-луч|Красный Луч|1|0|0|1|1|1|0|0|0|0|100|NOT_READY
лениногорск|Лениногорск|1|0|0|1|1|1|0|0|0|0|100|NOT_READY
еиск|Ейск|1|0|0|1|1|1|0|0|0|0|100|NOT_READY
апатиты|Апатиты|1|0|0|1|1|1|0|0|0|0|100|NOT_READY
богородск|Богородск|1|0|0|1|1|1|0|0|0|0|100|NOT_READY
арзамас|Арзамас|1|0|0|1|1|1|0|0|0|0|100|NOT_READY
буденновск|Буденновск|1|0|0|1|1|1|0|0|0|0|100|NOT_READY
ханты-мансииск|Ханты-Мансийск|1|0|0|1|1|1|0|0|0|0|100|NOT_READY
кадуи|Кадуй|1|0|0|1|1|1|0|0|0|0|100|NOT_READY
осинники|Осинники|1|0|0|1|1|1|0|0|0|0|100|NOT_READY
кондрово|Кондрово|1|0|1|1|1|1|0|0|0|0|100|NOT_READY
грязи|Грязи|1|0|0|1|1|1|0|0|0|0|100|NOT_READY
стрежевои|Стрежевой|1|0|0|1|1|1|0|0|0|0|100|NOT_READY
плавск|Плавск|1|0|0|1|1|1|0|0|0|0|100|NOT_READY
боровичи|Боровичи|1|0|0|1|1|1|0|0|0|0|100|NOT_READY
салават|Салават|1|0|0|1|1|1|0|0|0|0|100|NOT_READY
стародуб|Стародуб|1|0|0|1|1|1|0|0|0|0|100|NOT_READY
кировск-ленинградская-область|Кировск (Ленинградская область)|1|0|0|1|1|1|0|0|0|0|100|NOT_READY
электросталь|Электросталь|1|0|0|1|1|1|0|0|0|0|100|NOT_READY
балтаси|Балтаси|1|0|0|1|1|1|0|0|0|0|100|NOT_READY
батаиск|Батайск|1|0|1|1|1|1|0|0|0|0|100|NOT_READY
королев|Королёв|1|0|1|1|1|1|0|0|0|0|100|NOT_READY
рославль|Рославль|1|0|0|1|1|1|0|0|0|0|100|NOT_READY
рощино|Рощино|1|0|0|1|1|1|0|0|0|0|100|NOT_READY
конаково|Конаково|1|0|0|1|1|1|0|0|0|0|100|NOT_READY
нововоронеж|Нововоронеж|1|0|0|1|1|1|0|0|0|0|100|NOT_READY
россошь|Россошь|1|0|0|1|1|1|0|0|0|0|100|NOT_READY
бутурлиновка|Бутурлиновка|1|0|0|1|1|1|0|0|0|0|100|NOT_READY
анна|Анна|1|0|1|1|1|1|0|0|0|0|100|NOT_READY
сертолово|Сертолово|1|0|0|1|1|1|0|0|0|0|100|NOT_READY
новозыбков|Новозыбков|1|0|0|1|1|1|0|0|0|0|100|NOT_READY
верхнии-тагил|Верхний Тагил|1|0|0|1|1|1|0|0|0|0|100|NOT_READY
богданович|Богданович|1|0|0|1|1|1|0|0|0|0|100|NOT_READY
нальчик|Нальчик|1|0|0|1|1|1|0|0|0|0|100|NOT_READY
кирово-чепецк|Кирово-Чепецк|1|0|0|1|1|1|0|0|0|0|100|NOT_READY
выборг|Выборг|1|0|1|1|1|1|0|0|0|0|100|NOT_READY
благовещенск-башкортостан|Благовещенск (Башкортостан)|1|0|0|1|1|1|0|0|0|0|100|NOT_READY
луга|Луга|1|0|0|1|1|1|0|0|0|0|100|NOT_READY
усолье-сибирское|Усолье-Сибирское|1|0|0|1|1|1|0|0|0|0|100|NOT_READY
долгопрудныи|Долгопрудный|1|0|0|1|1|1|0|0|0|0|100|NOT_READY
глазов|Глазов|1|0|0|1|1|1|0|0|0|0|100|NOT_READY
тобольск|Тобольск|1|0|0|1|1|1|0|0|0|0|100|NOT_READY
щербинка|Щербинка|1|0|0|1|1|1|0|0|0|0|100|NOT_READY
маркс|Маркс|1|0|0|1|1|1|0|0|0|0|100|NOT_READY
каменск-шахтинскии|Каменск-Шахтинский|1|0|0|1|1|1|0|0|0|0|100|NOT_READY
лысково|Лысково|1|0|0|1|1|1|0|0|0|0|100|NOT_READY
прокопьевск|Прокопьевск|1|0|0|1|1|1|0|0|0|0|100|NOT_READY
дубна-московская-область|Дубна (Московская область)|1|0|0|1|1|1|0|0|0|0|100|NOT_READY
лобня|Лобня|1|0|0|1|1|1|0|0|0|0|100|NOT_READY
пушкин|Пушкин|1|0|1|1|1|1|0|0|0|0|100|NOT_READY
бабаево|Бабаево|1|0|0|1|1|1|0|0|0|0|100|NOT_READY
орск|Орск|1|0|0|1|1|1|0|0|0|0|100|NOT_READY
бронницы|Бронницы|1|0|1|1|1|1|0|0|0|0|100|NOT_READY
елец|Елец|1|0|0|1|1|1|0|0|0|0|100|NOT_READY
махачкала|Махачкала|1|0|0|1|1|1|0|0|0|0|100|NOT_READY
кандалакша|Кандалакша|1|0|0|1|1|1|0|0|0|0|100|NOT_READY
сортавала|Сортавала|1|0|1|1|1|1|0|0|0|0|100|NOT_READY
ступино|Ступино|1|0|0|1|1|1|0|0|0|0|100|NOT_READY
волжск|Волжск|1|0|0|1|1|1|0|0|0|0|100|NOT_READY
одинцово|Одинцово|1|0|0|1|1|1|0|0|0|0|100|NOT_READY
дзержинск|Дзержинск|1|0|1|1|1|1|0|0|0|0|100|NOT_READY
кириши|Кириши|1|0|0|1|1|1|0|0|0|0|100|NOT_READY
ковров|Ковров|1|0|0|1|1|1|0|0|0|0|100|NOT_READY
десногорск|Десногорск|1|0|0|1|1|1|0|0|0|0|100|NOT_READY
сясьстрои|Сясьстрой|1|0|0|1|1|1|0|0|0|0|100|NOT_READY
керчь|Керчь|1|0|0|1|1|1|0|0|0|0|100|NOT_READY
энгельс|Энгельс|1|0|0|1|1|1|0|0|0|0|100|NOT_READY
петрово-дальнее|Петрово-Дальнее|1|0|0|1|1|1|0|0|0|0|100|NOT_READY
рыбинск|Рыбинск|1|0|0|1|1|1|0|0|0|0|100|NOT_READY
юрга|Юрга|1|0|0|1|1|1|0|0|0|0|100|NOT_READY
кумертау|Кумертау|1|0|0|1|1|1|0|0|0|0|100|NOT_READY
находка|Находка|1|0|0|1|1|1|0|0|0|0|100|NOT_READY
михаиловка-волгоградская-область|Михайловка (Волгоградская область)|1|0|0|1|1|1|0|0|0|0|100|NOT_READY
клин|Клин|1|0|0|1|1|1|0|0|0|0|100|NOT_READY
луганск|Луганск|1|0|0|1|1|1|0|0|0|0|100|NOT_READY
ессентуки|Ессентуки|1|0|0|1|1|1|0|0|0|0|100|NOT_READY
адлер|Адлер|1|0|0|1|1|1|0|0|0|0|100|NOT_READY
данков|Данков|1|0|0|1|1|1|0|0|0|0|100|NOT_READY
чернышевск|Чернышевск|1|0|0|1|1|1|0|0|0|0|100|NOT_READY
новое-девяткино|Новое Девяткино|1|0|1|1|1|1|0|0|0|0|100|NOT_READY
оленегорск|Оленегорск|1|0|0|1|1|1|0|0|0|0|100|NOT_READY
