url	code	in_map	chunk
https://daibilet.ru/events/komiki-s-tnt-s-novymi-shutkami-6aa2817c149508531469d2be	404	no	-
https://daibilet.ru/events/otkrytyi-mikrofon-6a86d40650d61426b113ca81	404	no	-
https://daibilet.ru/locations/arena-mytischi	404	yes	venues
https://daibilet.ru/locations/konkobezhnyi-centr-kolomna	404	yes	venues
https://daibilet.ru/venues/astrahanskii-dvorec-kultury-arkadiya	404	yes	venues
https://daibilet.ru/venues/bar-klub-mkv-muzyka-kofe-i-vina	404	no	-
https://daibilet.ru/venues/bar-modniki	404	yes	venues
https://daibilet.ru/venues/barton	404	yes	venues
https://daibilet.ru/venues/centr-kultury-i-dosuga-rfyac-vniief	404	yes	venues
https://daibilet.ru/venues/cirk-shapito-feniks	404	yes	venues
https://daibilet.ru/venues/ckr	404	yes	venues
https://daibilet.ru/venues/deti-marii	404	no	-
https://daibilet.ru/venues/dk-miet	404	yes	venues
https://daibilet.ru/venues/dvorec-kultury-im-kurchatova	404	yes	venues
https://daibilet.ru/venues/izh-vyl-bar	404	no	-
https://daibilet.ru/venues/kamernyi-teatr	404	yes	venues
https://daibilet.ru/venues/klub-ceppelin-n-5	404	yes	venues
https://daibilet.ru/venues/klub-vagabond-mc	404	yes	venues
https://daibilet.ru/venues/kultovyi-bar-gorkii	404	no	-
https://daibilet.ru/venues/luna	404	no	-
https://daibilet.ru/venues/malyi-teatr	404	no	-
https://daibilet.ru/venues/mau-dvorec-kultury-vidnoe	404	yes	venues
https://daibilet.ru/venues/moet-lounge-and-night-club	404	yes	venues
https://daibilet.ru/venues/nacionalnyi-dramaticheskii-teatr	404	yes	venues
https://daibilet.ru/venues/park-prityazhenie	404	yes	venues
https://daibilet.ru/venues/prechistenka-11-8	404	no	-
https://daibilet.ru/venues/restoran-bar-plan-b	404	no	-
https://daibilet.ru/venues/restoran-chito-ra	404	no	-
https://daibilet.ru/venues/restoran-kobzar	404	yes	venues
https://daibilet.ru/venues/restoran-wine-dine	404	yes	venues
https://daibilet.ru/venues/rubcovskii-dramaticheskii-teatr	404	no	-
https://daibilet.ru/venues/shato-terra	404	yes	venues
https://daibilet.ru/venues/surikovskii-institut	404	no	-
https://daibilet.ru/venues/tipografiya	404	no	-
https://daibilet.ru/venues/veranda	404	yes	venues
https://daibilet.ru/venues/yaschik	404	no	-
https://daibilet.ru/venues/zelenyi-teatr	404	yes	venues
https://daibilet.ru/venues/zolotoi-bastion	404	yes	venues
https://daibilet.ru/events/progulka-s-uzhinom-muzykalnoi-programmoi-s-francuzskim-akkordionam-i-diskotekoi-na-teplohode-arturs-vechernyaya-moskva-v-og	404	yes	events
https://daibilet.ru/events/vechernyaya-moskva-muzykalnyi-kruiz-s-zhivoi-muzykoi-uzhinom-i-bez-s-vidom-na-kreml-i-paryaschii-most-v-parke-zaryade-na-lyuks	404	yes	events
https://daibilet.ru/locations/avtodrom-nizhegorodskoe-kolco	404	yes	venues
https://daibilet.ru/locations/dvorec-sporta-profsoyuzov	404	no	-
https://daibilet.ru/locations/sobytie-prohodit-onlain	404	no	-
https://daibilet.ru/locations/zheleznodorozhnaya-stanciya-lebyazhe	404	yes	venues
https://daibilet.ru/venues/a2	404	yes	venues
https://daibilet.ru/venues/art-prostranstvo-vmetre	404	no	-
https://daibilet.ru/venues/bar-ptichya-lichnost	404	no	-
https://daibilet.ru/venues/biker-s-bar-the-underground	404	yes	venues
https://daibilet.ru/venues/chaihana-haribu	404	yes	venues
https://daibilet.ru/venues/chito-ra	404	no	-
https://daibilet.ru/venues/commode	404	yes	venues
https://daibilet.ru/venues/dvorec-kultury-festivalnyi	404	no	-
https://daibilet.ru/venues/dvorec-kultury-rus	404	no	-
https://daibilet.ru/venues/gosudarstvennaya-filarmoniya-kchr-g-cherkessk	404	no	-
https://daibilet.ru/venues/grifel-plyus	404	yes	venues
https://daibilet.ru/venues/imperatorskii-morskoi-yaht-klub-sankt-peterburga	404	yes	venues
https://daibilet.ru/venues/kdc-saturn	404	yes	venues
https://daibilet.ru/venues/klub-amsterdam	404	yes	venues
https://daibilet.ru/venues/klub-nirvana	404	no	-
https://daibilet.ru/venues/klub-stone	404	yes	venues
https://daibilet.ru/venues/koncertnyi-zal-yurgpu-npi	404	yes	venues
https://daibilet.ru/venues/likino-dulevo	404	no	-
https://daibilet.ru/venues/mauk-gorodskoi-dvorec-kultury	404	yes	venues
https://daibilet.ru/venues/nacionalnyi-teatr-zolotoe-kolco	404	yes	venues
https://daibilet.ru/venues/nochnoi-klub-rai	404	yes	venues
https://daibilet.ru/venues/oktyabrskii-muzykalnyi-kolledzh	404	yes	venues
https://daibilet.ru/venues/pered-kolonnami-bolshogo-teatra	404	no	-
https://daibilet.ru/venues/restoran-ginger	404	no	-
https://daibilet.ru/venues/soloma	404	no	-
https://daibilet.ru/venues/starodubskii-centralnyi-dom-kultury	404	yes	venues
https://daibilet.ru/venues/teplohod-rivera	404	yes	venues
https://daibilet.ru/venues/the-bochka-pab	404	no	-
https://daibilet.ru/venues/zombi-bar	404	no	-
https://daibilet.ru/locations/banketnyi-zal-arbat-hall-1049	404	yes	venues
https://daibilet.ru/locations/m-mayakovskaya	404	no	-
https://daibilet.ru/locations/sortavala-ploschad-chkalova	404	yes	venues
https://daibilet.ru/venues/bar-restoran-doski	404	yes	venues
https://daibilet.ru/venues/bkz-kosmos	404	yes	venues
https://daibilet.ru/venues/chizh-i-ko	404	no	-
https://daibilet.ru/venues/ckdis	404	yes	venues
https://daibilet.ru/venues/dacha-sokolova-na-territorii-sanatoriya-im-chkalova	404	no	-
https://daibilet.ru/venues/dk-lk	404	yes	venues
https://daibilet.ru/venues/dvorec-kultury-g-aldana	404	no	-
https://daibilet.ru/venues/embargo-villa	404	no	-
https://daibilet.ru/venues/gosudarstvennaya-filarmoniya-respubliki-adygeya	404	yes	venues
https://daibilet.ru/venues/grill-bar42	404	no	-
https://daibilet.ru/venues/kaduiskii-centr-kulturnogo-razvitiya	404	yes	venues
https://daibilet.ru/venues/kdc-zimnii-teatr	404	yes	venues
https://daibilet.ru/venues/kirovskii-gorodskoi-dvorec-kultury	404	yes	venues
https://daibilet.ru/venues/koncertnyi-zal-sary-sadykovoi	404	yes	venues
https://daibilet.ru/venues/lockdown	404	yes	venues
https://daibilet.ru/venues/mauk-kulturno-dosugovyi-centr	404	yes	venues
https://daibilet.ru/venues/memorialnyi-muzei-a-n-skryabina-malyi-zal	404	no	-
https://daibilet.ru/venues/muzei-bogemnoi-zhizni-peterburga	404	yes	venues
https://daibilet.ru/venues/osobnyak-d-a-milyutina	404	yes	venues
https://daibilet.ru/venues/osobnyak-yurgensa	404	no	-
https://daibilet.ru/venues/prostranstvo-c	404	yes	venues
https://daibilet.ru/venues/rdk-oktyabr	404	yes	venues
https://daibilet.ru/venues/resto-bar-assa	404	yes	venues
https://daibilet.ru/venues/restoran-kit	404	no	-
https://daibilet.ru/venues/restoran-nekrasov	404	yes	venues
https://daibilet.ru/venues/restoran-pasternak	404	yes	venues
https://daibilet.ru/venues/restoran-schaste-est	404	no	-
https://daibilet.ru/venues/stanciya-zaharovo	404	no	-
https://daibilet.ru/venues/studio-57	404	yes	venues
https://daibilet.ru/venues/tambovskii-gosudarstvennyi-dramaticheskii-teatr	404	no	-
https://daibilet.ru/venues/vokzal-vladimir	404	yes	venues
https://daibilet.ru/venues/zarya-klubnyi-bar	404	no	-
https://daibilet.ru/locations/banketnyi-zal-arbat-holl-1050	404	yes	venues
https://daibilet.ru/locations/fort-krasnaya-gorka	404	yes	venues
https://daibilet.ru/locations/stadion-rodina	404	yes	venues
https://daibilet.ru/locations/yarche	404	yes	venues
https://daibilet.ru/venues/burgernaya-grot	404	yes	venues
https://daibilet.ru/venues/dacha-v-peredelkino	404	yes	venues
https://daibilet.ru/venues/dk-istok	404	yes	venues
https://daibilet.ru/venues/dk-lyubercy	404	yes	venues
https://daibilet.ru/venues/dk-vpered	404	yes	venues
https://daibilet.ru/venues/dom-kultury-balabanovo	404	no	-
https://daibilet.ru/venues/encore	404	yes	venues
https://daibilet.ru/venues/esse-jazz-club	404	no	-
https://daibilet.ru/venues/gdk-shahter	404	yes	venues
https://daibilet.ru/venues/gorodskoi-dvorec-kultury-gdk	404	no	-
https://daibilet.ru/venues/hookah-place	404	no	-
https://daibilet.ru/venues/kafe-lava	404	no	-
https://daibilet.ru/venues/karaoke-holl-solo	404	no	-
https://daibilet.ru/venues/klub-artel	404	yes	venues
https://daibilet.ru/venues/klub-cokol	404	yes	venues
https://daibilet.ru/venues/korston-club-hotel-korston	404	no	-
https://daibilet.ru/venues/lyuteranskaya-cerkov-sv-ekateriny	404	no	-
https://daibilet.ru/venues/muzei-v-temnote-sensorium	404	yes	venues
https://daibilet.ru/venues/podval-brodyachei-sobaki	404	yes	venues
https://daibilet.ru/venues/raionnyi-dom-kultury	404	no	-
https://daibilet.ru/venues/restoran-nezagorami	404	yes	venues
https://daibilet.ru/venues/restoran-ugli	404	no	-
https://daibilet.ru/venues/rok-bar-atmosfera	404	no	-
https://daibilet.ru/venues/schelkovskii-centralnyi-dvorec-kultury	404	yes	venues
https://daibilet.ru/venues/teatr-kukol	404	no	-
https://daibilet.ru/venues/teatr-maska	404	yes	venues
https://daibilet.ru/venues/teatr-semyanyuki	404	no	-
https://daibilet.ru/venues/tverskaya-17-pod-arkoi-bolshoi-gnezdnikovskii-pereulok	404	yes	venues
https://daibilet.ru/venues/vibe	404	yes	venues
https://daibilet.ru/venues/volgogradskaya-filarmoniya	404	yes	venues
https://daibilet.ru/venues/zal-royal-park-rezidenciya-korolei	404	no	-
https://daibilet.ru/venues/zhd-stanciya-peredelkino	404	no	-
https://daibilet.ru/events/moskva-zlatoglavaya-krugovaya-rechnaya-progulka-po-moskve-reke-ot-kievskoi-do-kremlya-i-obratno-na-teplohode-avgustina-aleksi	404	yes	events
https://daibilet.ru/locations/gonochnyi-trek-stroker	404	no	-
https://daibilet.ru/venues/babaevskii-centr-kulturnogo-razvitiya	404	yes	venues
https://daibilet.ru/venues/bar-kamin	404	no	-
https://daibilet.ru/venues/bastion-bar	404	no	-
https://daibilet.ru/venues/bobrovskii-dvorec-kultury	404	no	-
https://daibilet.ru/venues/centr-kultury	404	yes	venues
https://daibilet.ru/venues/dk-energetik	404	no	-
https://daibilet.ru/venues/dk-metallurg	404	yes	venues
https://daibilet.ru/venues/dk-ntmk	404	yes	venues
https://daibilet.ru/venues/dom-kultury-luch	404	yes	venues
https://daibilet.ru/venues/dom-muzei-gogolya	404	yes	venues
https://daibilet.ru/venues/dvorec-kultury-imeni-gagarina	404	yes	venues
https://daibilet.ru/venues/dvorec-kultury-i-sporta-taman	404	no	-
https://daibilet.ru/venues/gostinica-medvezhii-ugol	404	no	-
https://daibilet.ru/venues/grand-hall	404	yes	venues
https://daibilet.ru/venues/irish-pub-molly	404	yes	venues
https://daibilet.ru/venues/masterskaya-no6	404	no	-
https://daibilet.ru/venues/ostrov	404	no	-
https://daibilet.ru/venues/raionnyi-dom-kultury-rdk	404	yes	venues
https://daibilet.ru/venues/red-cooper-bar	404	no	-
https://daibilet.ru/venues/ryumochnaya-dovlatov	404	no	-
https://daibilet.ru/venues/serdce	404	yes	venues
https://daibilet.ru/venues/shahtinskii-dramaticheskii-teatr	404	yes	venues
https://daibilet.ru/venues/teatr-ceh	404	no	-
https://daibilet.ru/venues/traktir-pivovarnya-balagan	404	yes	venues
https://daibilet.ru/venues/zavod	404	yes	venues
https://daibilet.ru/venues/zoosad-ekzotik-park-v-trk-megamag	404	no	-
https://daibilet.ru/events/belyi-ostrog-6a6b0ff0e24b1a479a25295a	404	no	-
https://daibilet.ru/locations/cska-arena	404	yes	venues
https://daibilet.ru/locations/moskvoreckaya-ul-parkovka-turisticheskogo-transporta-cherez-dorogu-ot-ul-varvarka-6-778	404	no	-
https://daibilet.ru/locations/neskolko-ploschadok	404	yes	venues
https://daibilet.ru/venues/2-oi-ambulatornyi-proezd-dom-8-a	404	no	-
https://daibilet.ru/venues/amber-plaza	404	no	-
https://daibilet.ru/venues/art-holl	404	yes	venues
https://daibilet.ru/venues/bar-restoran-pervyi-metallist	404	yes	venues
https://daibilet.ru/venues/centr-razvitiya-kultury	404	yes	venues
https://daibilet.ru/venues/cruise-by-kuznyahouse	404	no	-
https://daibilet.ru/venues/dk-im-kalinina	404	yes	venues
https://daibilet.ru/venues/dk-kolomna	404	yes	venues
https://daibilet.ru/venues/dk-metallurgov	404	yes	venues
https://daibilet.ru/venues/dom-kultury-rybackii	404	no	-
https://daibilet.ru/venues/dom-oficerov-ussuriiskogo-garnizona	404	yes	venues
https://daibilet.ru/venues/dvorec-kultury-imeni-v-n-leonova	404	yes	venues
https://daibilet.ru/venues/eiskii-gorodskoi-centr-narodnoi-kultury	404	yes	venues
https://daibilet.ru/venues/gdc-gorodskoi-dosugovyi-centr	404	no	-
https://daibilet.ru/venues/grand-kafe-izyum	404	no	-
https://daibilet.ru/venues/kaif-provenance	404	yes	venues
https://daibilet.ru/venues/kc-fortuna	404	yes	venues
https://daibilet.ru/venues/koncert-bar-inlife	404	yes	venues
https://daibilet.ru/venues/kongress-holl-stolica	404	yes	venues
https://daibilet.ru/venues/ktc-druzhba	404	yes	venues
https://daibilet.ru/venues/mau-dvorec-kultury-umr	404	yes	venues
https://daibilet.ru/venues/muzei-faberzhe	404	yes	venues
https://daibilet.ru/venues/okovoice-event-hall	404	yes	venues
https://daibilet.ru/venues/pravoberezhnyi-gorodskoi-dvorec-kultury	404	yes	venues
https://daibilet.ru/venues/probar	404	yes	venues
https://daibilet.ru/venues/red-hookan-bar	404	yes	venues
https://daibilet.ru/venues/resto-bar-panorama	404	yes	venues
https://daibilet.ru/venues/restoran-chaikovskii	404	no	-
https://daibilet.ru/venues/restoran-ogni-vostoka	404	no	-
https://daibilet.ru/venues/rk-forrest	404	yes	venues
https://daibilet.ru/venues/teatr-surgu	404	no	-
https://daibilet.ru/venues/territoriya-open-air-club	404	yes	venues
https://daibilet.ru/venues/yaponskii-bar-na-kryshe-ronin	404	no	-
https://daibilet.ru/venues/zooteatr-koshek-v-trk-globus	404	yes	venues
