"query","clicks","imp","pos"
"пляжная вечеринка парк горького","24","69","0307"
"человек паук новый день афиша спб","2","46","1007"
"скк оренбуржье афиша","2","13","1908"
"человек паук новый день купить билеты краснодар","1","18","1106"
"thomas mraz севастополь","1","4","115"
"семихатов лекции расписание","1","2","10"
"человек-паук новый день купить билеты москва","1","1","4"
"музей двойное дно","1","1","24"
"группа вирус концерт","1","1","84"
"system of a down москва билеты","0","72","1808"
"билет айвазовский","0","69","271"
"что такое парный танцпол на концерте","0","57","0909"
"дк им. карла маркса предстоящие мероприятия","0","35","192"
"лдк люберцы афиша","0","35","194"
"poma run cup 2026","0","34","0809"
"зоотеатр кошек","0","30","83"
"устьинский сектор с","0","30","103"
"werk предстоящие мероприятия","0","28","3007"
"цирк шапито скиф","0","27","107"
"расписание мавзолея","0","27","2611"
"клуб артель стерлитамак афиша","0","24","1604"
"секс в ссср интимные тайны столицы","0","20","13"
"дуглас бар спб афиша","0","20","42"
"человек паук новый день билеты","0","19","2305"
"иллюзионное шоу никаких секретов афиша","0","17","17"
"казань экспо сегодня","0","17","3112"
"исаакиевский собор билеты онлайн","0","17","41"
"наше место новокузнецк","0","16","1006"
"дворец культуры в выборге афиша","0","16","36"
"что такое ложа на концерте","0","15","84"
"человек паук новый день билеты казань","0","15","88"
"какие места брать на концерт","0","15","178"
"парный танцпол это","0","15","186"
"необычные театры москвы","0","15","244"
"черный кофе билеты","0","15","3007"
"дк калинина афиша","0","15","304"
"горыныч санкт петербург ресторан","0","15","40"
"дворец на яузе купить билеты","0","15","43"
"афиша концерты уфа","0","15","44"
"только не говори маме выставка","0","14","9"
"helloween билеты","0","14","2207"
"картинная галерея ильи глазунова билеты","0","14","255"
"петрович клуб афиша","0","14","36"
"люберцы дк афиша концертов","0","13","27"
"билеты в исакиевский исаакиевский собор","0","13","35"
"дк салют предстоящие мероприятия","0","13","47"
"лучшие стендап концерты","0","12","41"
"дом ученых спб экскурсии официальный","0","12","65"
"фараон ближайшие концерты","0","11","33"
"концерт в пензе","0","11","35"
"горыныч ресторан официальный сайт","0","11","39"
"афиша казань экспо","0","11","43"
"казань экспо официальный сайт","0","11","46"
"китай-город/устьинский сектор «c»","0","10","77"
"шоу каскадёров череповец","0","10","88"
"мега кружка афиша","0","10","91"
"мероприятия в одинцово сегодня","0","10","179"
"дк горького сегодня","0","10","19"
"люберецкий дк афиша","0","10","221"
"арт клуб площадка рязань","0","10","234"
"александр эргомджан расписание концертов","0","10","237"
"коломна афиша дк","0","10","263"
"библиотека иностранной литературы афиша","0","10","265"
"ростов на дону теплоходные экскурсии","0","10","278"
"концерт воронеж","0","10","279"
"люберецкий дом культуры афиша","0","10","282"
"клуб игоря бутмана","0","10","295"
"фэнтези фест 2023","0","10","295"
"джаз клуб алексея козлова официальный сайт","0","10","299"
"выставка хогвартс","0","10","306"
"максимилианс сегодня","0","10","307"
"максимильянс афиша","0","10","31"
"дворец культуры коломна афиша","0","10","313"
"кто приезжает в челябинск из певцов в ближайшее время","0","10","318"
"дк ленина афиша","0","10","35"
"развод мостов в санкт петербурге билеты недорого","0","10","48"
"человек-паук: новый день спб купить билеты","0","9","1111"
"куда сходить вечером","0","9","18"
"концерт эгромжан","0","9","2811"
"клуб козлова москва официальный сайт","0","9","31"
"стендап июль 2019","0","9","33"
"театр на вднх официальный сайт","0","9","36"
"цирк шапито люберцы","0","9","39"
"малый зал измайлово","0","9","40"
"какие концерты сегодня в москве","0","9","41"
"люстра бар концерты","0","9","41"
"бар алексея козлова","0","9","46"
"кз отеля санкт петербург","0","9","46"
"билеты на стендап вани усовича","0","8","24"
"концерт вднх сегодня расписание","0","8","2412"
"афиша дкит тольятти","0","8","2612"
"концерты в августе в воронеже","0","8","31"
"руки вверх купить билет","0","8","31"
"вднх афиша сегодня","0","8","32"
"мичуринский театр драмы","0","8","33"
"планетарий билеты","0","8","37"
"летчик джао да москва афиша","0","8","44"
"моспродюссер концертный зал","0","8","46"
"концерт в новосибирске","0","8","48"
"оренбург дк экспресс","0","7","23"
"оренбуржье расписание","0","7","29"
"исаакиевский собор в санкт петербурге билеты купить","0","7","32"
"билеты в планетарий","0","7","37"
"афиша дома гоголя в москве","0","7","39"
"клуб бутмана спб","0","7","47"
"иллюзионное шоу никаких секретов цена","0","6","155"
"анна асти: сольный концерт шоу царица цена","0","6","215"
"гор билет теплоходная экскурсия развод мостов","0","6","215"
"anna asti: сольный концерт шоу царица афиша","0","6","235"
"анна асти: сольный концерт шоу царица билеты","0","6","235"
"концерты в кургане сегодня","0","6","24"
"kiss билеты москва","0","6","25"
"причал китай город устьинский сектор","0","6","26"
"александр эгромжан концерт","0","6","285"
"афиша концертов воронеж","0","6","29"
"дискотека 90 афиша","0","6","29"
"энергетик афиша","0","6","30"
"ногинск рдк афиша","0","6","32"
"набережная макарова причал","0","6","41"
"концерты томск","0","6","43"
"московский театр всеволода шиловского","0","6","43"
"дк ленина казань афиша","0","6","46"
"экскурсия по петропавловской крепости","0","6","63"
"новоспасский мост сектор в","0","5","3"
"музыкальные концерты на закате посреди невы","0","5","64"
"череповец шоу каскадеров","0","5","84"
"марко мендоза саратов","0","5","88"
"марсово поле билеты","0","5","92"
"купить билеты на человека паука новый день спб","0","5","102"
"фестиваль цветы в усадьбе","0","5","11"
"кц покровские ворота официальный сайт афиша","0","5","134"
"backstage action club","0","5","168"
"jazz dance festival","0","5","176"
"анна асти: сольный концерт шоу царица афиша","0","5","188"
"вднх купить билет","0","5","192"
"дк люберцы афиша концертов","0","5","198"
"anna asti: сольный концерт шоу царица билеты","0","5","226"
"театр сургу купить билет","0","5","226"
"кск экспресс купить билет","0","5","228"
"the dartz концерты","0","5","232"
"максимилиан афиша","0","5","232"
"ритм н блюз кафе афиша","0","5","238"
"anna asti: сольный концерт шоу царица купить билеты","0","5","246"
"сегодня концерт в воронеже","0","5","248"
"теплоход по москве реке цена с ужином","0","5","254"
"ужин на москве реке на корабле","0","5","256"
"арт театр афиша","0","5","264"
"концерты хабаровск сегодня","0","5","264"
"прогулка на теплоходе с ужином по москве","0","5","264"
"купить билет в третьяковку лаврушинский переулок","0","5","266"
"экскурсия по парадным и коммуналкам","0","5","266"
"выставка гарри поттера","0","5","272"
"роза-хутор официальный сайт","0","5","272"
"дискотека 90 х афиша","0","5","28"
"причал устьинский мост расписание","0","5","28"
"государственный большой концертный зал имени салиха сайдяшева","0","5","282"
"воронеж концерты","0","5","284"
"гцк нефтекамск касса телефон","0","5","284"
"джаз клуб эссе программа","0","5","286"
"воронеж концерт","0","5","288"
"рок клуб м2 тула афиша","0","5","288"
"мани бар новокузнецк адрес","0","5","29"
"алькатрас бар нижний новгород афиша","0","5","294"
"концерт в пензе сегодня","0","5","296"
"музей гарри поттера в россии","0","5","296"
"дк карла маркса электросталь афиша","0","5","298"
"балет лебединое озеро 12 августа","0","5","31"
"цирк максимус митино","0","5","318"
"ближайшие концерты саратов","0","5","32"
"петропавловская крепость экскурсия","0","5","32"
"концерты афиша чебоксары","0","5","34"
"спикизи бар санкт петербург","0","5","36"
"дк железнодорожников купить билеты","0","5","38"
"женский стендап расписание концертов","0","5","38"
"челябинск концерты","0","5","41"
"кто приезжает в пензу","0","5","42"
"депо расписание","0","5","45"
"афиша дк ленина казань","0","5","47"
"исаакиевский собор билеты на смотровую","0","5","49"
"причал большой устьинский мост","0","5","58"
"выставки краснодар","0","5","62"
"цирк шапито афиша","0","4","75"
"нурминский владивосток","0","4","9"
"татаро башкирская дискотека","0","4","9"
"улетные выходные магнитогорск","0","4","9"
"анна асти люберцы концерт","0","4","10"
"анна асти концерт люберцы","0","4","105"
"водные прогулки спб","0","4","11"
"гиперион афиша","0","4","11"
"купить билет на теплоход новосибирск","0","4","14"
"никита пересветов стендап","0","4","175"
"афиша дк люберцы","0","4","195"
"храм христа спасителя билеты","0","4","205"
"обзорная экскурсия на автобусе","0","4","215"
"призрак оперы купить билеты","0","4","22"
"сыктывкар купить билеты","0","4","225"
"anna asti: сольный концерт шоу царица цена","0","4","245"
"афиша ресторан барнаул","0","4","245"
"трибьют история кино","0","4","245"
"ледовый дворец курган","0","4","25"
"стендап петровка","0","4","255"
"афиша мясной бро анапа","0","4","26"
"ритм блюз кафе афиша","0","4","265"
"куда сходить в ставрополе вечером","0","4","27"
"смотровая исаакиевского собора купить билет онлайн","0","4","27"
"вднх билеты купить","0","4","275"
"мтс холл билеты","0","4","275"
"мтс холл санкт-петербург афиша","0","4","275"
"музыка в особняках","0","4","275"
"событие верхняя пышма август","0","4","275"
"концерт времена года билеты","0","4","28"
"мтс лайв холл афиша","0","4","28"
"королев мероприятия","0","4","29"
"причал устьинский мост","0","4","295"
"руки вверх цена билета","0","4","295"
"стендап петровка 21 афиша","0","4","295"
"пензенская областная филармония афиша","0","4","31"
"мероприятия в новосибирске билеты","0","4","315"
"атмосфера концерт","0","4","32"
"концерт в москве сейчас","0","4","36"
"афиша пензенской филармонии","0","4","37"
"расписание концертов в пензе","0","4","37"
"три дня дождя пенза","0","4","38"
"уфа дом печати клуб","0","4","38"
"билеты на концерт руки вверх","0","4","39"
"концерт в пензе афиша","0","4","39"
"сегодня концерты в москве","0","4","39"
