"url","clicks","imp"
"https://daibilet.ru/events/tc-6a442d9564111c7fb5266957-andergraund-saund-klab-x-svoboda-zvuka-vecherinka-na-plyazhe-v-parke-gorkogo","159","492"
"https://daibilet.ru/events/tc-6a3cf57a385892e5a1ed2530-vecherinka-v-chest-vyhoda-filma-chelovek-pauk-novyi-den","69","1422"
"https://daibilet.ru/","38","153"
"https://daibilet.ru/events/shou-kaskaderov-v-g-cherepovec-6a5117b2eaee351b9d359d08","17","980"
"https://daibilet.ru/blog/fentezi-fest-bylinnyy-bereg","10","403"
"https://daibilet.ru/events/nurminskii-solnyi-koncert-votkinsk-11-oktyabrya-forrest-6a4f7278c42bfc72173f8ea1","10","26"
"https://daibilet.ru/events/tc-6a28435d57c9e78f571d65f3-cirk-shapito-maska-v-g-yarovoe","9","420"
"https://daibilet.ru/events/tc-6a0cc7a3778fd44b4b35eea9-avtobusnye-tury-na-fentezi-fest-2026","9","78"
"https://daibilet.ru/events/tc-6a47dad9e0d41d24a660ed98-vecherinka-i-tancevalnyi-seans-filma-maikl-dzhekson-vot-i-vse","9","65"
"https://daibilet.ru/venues/zooteatr-koshek-v-trk-sedanka-siti","6","31"
"https://daibilet.ru/locations/yaht-klub-k2-na-krestovskom-ostrove-77","5","54"
"https://daibilet.ru/events/tc-6a4769652136493475c2f1b6-koncert-lesi-kir-i-aleksandra-shato","5","24"
"https://daibilet.ru/events/tc-69ce63bc9b09c1c409244c09-drift-geims-8-festival-drifta-avtomobilnoi-i-ulichnoi-kultury","4","78"
"https://daibilet.ru/events/cirk-shapito-hischnik-i-princessa-cirka-v-nevinnomysske-6a881b91fe95e409ee572781","4","75"
"https://daibilet.ru/events/gone-fludd-krasnodar-3-noyabrya-6a69ad1d0ca9dc78dbc2b789","4","60"
"https://daibilet.ru/events/26-07-2026-dabro-v-dagestane-69c2e4b47cb16bf0d5522dba","4","39"
"https://daibilet.ru/events/tc-69f8eb16ed0e1619e45bc72c-anna-asti-solnyi-koncert-shou-carica-v-g-vladivostok","4","29"
"https://daibilet.ru/blog/spb-razvod-mostov-kakoi-reis","4","16"
"https://daibilet.ru/events/tc-6a33f41439e9a24aa8e56c2d-pandemic-fortnight","3","98"
"https://daibilet.ru/events/tc-6a0586da1e1e53283bbfe7f6-vpervye-v-gruzii-gio-pika-s-edinstvennym-koncertom-v-batumi","3","76"
"https://daibilet.ru/events/teatr-chetyreh-stihii-6a5a38bbe0dad6da1814186f","3","65"
"https://daibilet.ru/events/tc-6a4e4462eed1d12acffd059a-vpervye-v-zavarke-jeam-biscuit-g-pol","3","35"
"https://daibilet.ru/events/petr-nalich-koncert-na-korable-6a465e44c0778117a8678f78","3","20"
"https://daibilet.ru/events/festival-garri-pottera-dobro-pozhalovat-v-hogvarts-6a73520a654c12358b086ce4","3","16"
"https://daibilet.ru/blog/kak-vybrat-koncert","2","581"
"https://daibilet.ru/events/zooteatr-koshek-g-petropavlovsk-kamchatskii-6aa5927948e7ba21aac14e00","2","68"
"https://daibilet.ru/events/tc-6a37783806b64e1dc9a69b06-abalak-rok-fest-2026","2","66"
"https://daibilet.ru/events/tc-698b27123593b5dcad7574a6-6-etap-smp-formula-4","2","53"
"https://daibilet.ru/events/glavnaya-kostplei-vecherinka-leta-chelovek-pauk-novyi-den-6a67733bfa93e3efb8f239aa","2","51"
"https://daibilet.ru/vecherinki-na-teplohode","2","43"
"https://daibilet.ru/events/tc-69fa2bd974a803f6a1a427d9-anna-asti-solnyi-koncert-shou-carica-v-g-habarovsk","2","43"
"https://daibilet.ru/locations/skk-orenburzhe-5d938d5916a406ee7d2eeea8","2","27"
"https://daibilet.ru/events/zooteatr-koshek-g-petropavlovsk-kamchatskii-6aa5923948e7ba21aac14deb","2","26"
"https://daibilet.ru/events/tc-6a4571b996dfdf168eeefa42-open-air-piterland","2","19"
"https://daibilet.ru/events/tc-6a212682146c2182881ba3f9-nigativ-c-ansamblem-26-11-tyumen-maksimilians","2","18"
"https://daibilet.ru/events/tc-6a1063020b75c7f8a3168aa8-marco-mendoza","2","14"
"https://daibilet.ru/events/tc-69d7ec51d45474f66031a8fa-leprikonsy","2","9"
"https://daibilet.ru/events/eduard-husnutdinov-v-akyar-2026-6a5e3eaedcdb977338009da3","2","7"
"https://daibilet.ru/events/tc-6a1dedd4e485c20403ad1189-festival-peschanyh-skulptur-more-svetloi-lyubvi-svetlogorsk","2","6"
"https://daibilet.ru/events/tc-6a3d5530da78d0c2838d79cc-master-klass-2-v-1-gotovim-chak-chak-i-echpochmak","2","5"
"https://daibilet.ru/events/tc-6952135a17a6bcc9ba637f44-ognennyi-topor","2","5"
"https://daibilet.ru/events/tc-6a17dc660451bd9eadbb7334-aca-206","1","148"
"https://daibilet.ru/events/tc-69dbdd25b3b4b6b28a8963a9-anna-asti-solnyi-koncert-shou-carica-v-g-mineralnye-vody","1","118"
"https://daibilet.ru/locations/kitai-gorod-ustinskii-sektor-c-42","1","112"
"https://daibilet.ru/events/yuzhno-sahalinsk-nigativ-17-oktyabrya-v-ryumka-pabe-6a54c20486d58019a7692b96","1","84"
"https://daibilet.ru/events/tc-6a441d304ac14584569101f4-gde-moi-2008-project","1","62"
"https://daibilet.ru/rechnye-progulki/moscow","1","62"
"https://daibilet.ru/events/tc-6a33b46afbf111f68c8ac240-nikita-osin-solnyi-koncert","1","48"
"https://daibilet.ru/venues/bar-triniti","1","40"
"https://daibilet.ru/venues/pravda-leto","1","39"
"https://daibilet.ru/events/tc-6a1823c2ffca47b17cb314ae-tolko-ne-govori-mame","1","36"
"https://daibilet.ru/rechnye-progulki/tver/","1","36"
"https://daibilet.ru/events/tc-6a43604057fcbda6f883ee50-suzdal-i-okrestnosti-festival-cvety-v-usadbe","1","34"
"https://daibilet.ru/events/bolshoi-solnyi-koncert-iknownothing-v-sankt-peterburge-pri-podderzhke-sinx-6a67668e8e4abb556df78fe8","1","33"
"https://daibilet.ru/events/tc-69f257b23756d4c5248248e8-bolshoi-stendap-1-avgusta-19-00","1","32"
"https://daibilet.ru/events/tc-6a109ed80ecdb021b4877afd-svoyak-13-avgusta-20-00","1","31"
"https://daibilet.ru/venues/teplohod-rio-4","1","31"
"https://daibilet.ru/events/tc-6a35bb802ba64eea408af620-nfr-reslingfest-2026","1","30"
"https://daibilet.ru/cities","1","28"
"https://daibilet.ru/events/tc-6a1055b35751ab3fdb7bb72c-thomas-mraz-v-sevastopole","1","28"
"https://daibilet.ru/blog/kazan-rechnye-progulki","1","28"
"https://daibilet.ru/locations/plyazhnyi-klub-50-letiya-oktyabrya-6a43e799aff3f86a6df7132e","1","27"
"https://daibilet.ru/locations/park-gorkogo-2-sektor-v-97","1","26"
"https://daibilet.ru/venues/prichal-u-novoi-gollandii-6a426d66c14f2ecf937378a8","1","25"
"https://daibilet.ru/events/tc-69d75c7e13c4757d31aead11-anna-asti-solnyi-koncert-shou-carica-v-g-orenburg","1","24"
"https://daibilet.ru/venues/gorodskoi-kurort-prityazhenie-6a38bf3bd268baa65191d658","1","23"
"https://daibilet.ru/events/kamazz-kuzneck-6a674d4eaf5c6ea6930b6d89","1","22"
"https://daibilet.ru/events/tc-6a303190778afd493d1fdf53-updates-fest","1","22"
"https://daibilet.ru/avtobusnye-ekskursii","1","22"
"https://daibilet.ru/events/tc-6a148399b0a22c8b28371277-muzei-garri-pottera","1","21"
"https://daibilet.ru/venues/bar-nashe-mesto-69f8b68239ae51e5933fb533","1","19"
"https://daibilet.ru/events/tc-6a345b6e4d5b5229cca11037-nurminskii-solnyi-koncert-solikamsk-10-oktyabrya-kis-kis","1","17"
"https://daibilet.ru/venues/vorobevy-gory-sektor-a-3","1","16"
"https://daibilet.ru/events/koncert-gruppy-chernyi-kofe-6a6090d26cc0cdd8d4712987","1","15"
"https://daibilet.ru/events/tc-6a22e555e0e33213a7d35525-spektakl-chto-tvoryat-muzhchiny-s-sergeem-astahovym-v-g-semikarakorsk","1","14"
"https://daibilet.ru/events/tc-6a146b32b728080d777cecc8-vasilii-beinarovich-faust-21-veka-kak-ne-vospitat-seriinogo-ubiicu","1","13"
"https://daibilet.ru/events/tc-6a26b9d312cfcce318db592c-spektakl-chto-tvoryat-muzhchiny-s-sergeem-astahovym-v-g-krasnyi-sulin","1","12"
"https://daibilet.ru/locations/cirk-shapito-antre-v-g-zheleznogorsk","1","12"
"https://daibilet.ru/events/tc-6a2c7c844794263032035a1f-dima-ilyuhin-i-madiyar-satvaldin-stendap-koncert","1","12"
"https://daibilet.ru/events/tc-6a2c0a568e18ca05358efb87-vagram-vazyan-ivanovo-irish","1","12"
"https://daibilet.ru/events/tc-6a293ed0236df9bbe1dc1395-vagram-vazyan-krasnoyarsk-bar-64-6","1","12"
"https://daibilet.ru/events?category=MUSEUM","1","11"
"https://daibilet.ru/account/purchases","1","11"
"https://daibilet.ru/events/vecher-nastolnyh-igr-igrovecher-buhovski-s-6a5002012e22322c6963ce30","1","10"
"https://daibilet.ru/events/tc-69ff489c5211eb803036e192-festival-budulaiv-v-barnaule-23-avgusta-2026","1","10"
"https://daibilet.ru/venues/alcatraz-bar-62fe35971ce66b113f7f180a","1","10"
"https://daibilet.ru/events/tc-6a4e659490a21957a26bfc80-knownaim-h-12-sentyabrya-h-21-bar-klub-moskva","1","9"
"https://daibilet.ru/events/territoriya-kukol-vystavka-avtorskih-kukol-6a68a263407433dda6cc4fa5","1","9"
"https://daibilet.ru/venues/pab-urban-67ab24c34c81454583c190f6","1","9"
"https://daibilet.ru/venues/koncertnyi-zal-slovo-zhizni-6a3bfa50dcb6d750ca5bdbdb","1","9"
"https://daibilet.ru/events/tc-6a3d056e78682ddbf2ecec6c-ekskursiya-v-gostinicu-leningradskaya","1","9"
"https://daibilet.ru/events/polyusa-2-sentyabrya-sankt-peterburg-6a704f634696cc22a2a312df","1","8"
"https://daibilet.ru/cities/lebyazhe","1","8"
"https://daibilet.ru/rechnye-progulki/krasnoyarsk/","1","8"
"https://daibilet.ru/events/festival-osennii-fresh-6a98c32bfa2f53043dd8596b","1","7"
"https://daibilet.ru/events/tc-69f8963901f4c7351136bc88-aleksei-semihatov-lekciya-vo-dvorce-vselennaya-v-deistvii-iz-chego-slozhen-i-chem-upravlyaetsya-mir","1","7"
"https://daibilet.ru/events/veneciya-epohi-vivaldi-velikolepie-barokko-6a65bace2f4d8fd9b9ef1a54","1","7"
"https://daibilet.ru/events/tc-6a147c68865aec5f313717dd-muzei-garri-pottera","1","7"
"https://daibilet.ru/events/tc-6a171afc9bd41c75d5aa127d-aleksei-zharov-stendap-koncert-23-iyulya-19-00","1","6"
"https://daibilet.ru/events/nidal-abu-gazale-proverochnyi-stendap-koncert-14-avgusta-19-00-6a6b414822102250ceb4213b","1","6"
"https://daibilet.ru/locations/rok-bar-bardak-67cf03c47ce379b6beead154","1","6"
"https://daibilet.ru/events/tc-6a299738e528faf994f48b3a-osobnyak-teatralizovannaya-immersivnaya-ekskursiya","1","6"
"https://daibilet.ru/events/tc-69f25c334cf9a189e8ad7b34-bolshoi-stendap-15-avgusta-19-00","1","6"
"https://daibilet.ru/events/tc-69f3b2195737de59f6ed0d72-thomas-mraz-v-simferopole","1","6"
"https://daibilet.ru/events/tc-6a22eb1a4c53674137cdc258-spektakl-chto-tvoryat-muzhchiny-s-sergeem-astahovym-v-g-tuapse","1","6"
"https://daibilet.ru/events/gruppa-virus-6a60ee4f84af149d7a5c7609","1","6"
"https://daibilet.ru/events/burlesk-shou-6a47e126e0d41d24a660ef1f","1","6"
"https://daibilet.ru/locations/yuzhnyi-rechnoi-vokzal-prichal-no5-73","1","6"
"https://daibilet.ru/events/progulka-s-uzhinom-muzykalnoi-programmoi-s-francuzskim-akkordionam-i-diskotekoi-na-teplohode-arturs-vechernyaya-moskva-v-og","1","5"
"https://daibilet.ru/events/tc-6a385b2f7eb54b99d9f681c5-neoklassicheskii-koncert-kompozitora-denisa-stelmaha-v-novosibirske","1","5"
"https://daibilet.ru/events/detskii-interaktivnyi-spektakl-kruiz-krugosvetnoe-puteshestvie-s-master-klassom-6a6508f8d3f9278b768e3962","1","5"
"https://daibilet.ru/events/tc-6a0e24f62e89b3dba5765c11-st-petersburg-ska-jazz-review","1","5"
"https://daibilet.ru/events/tc-6a26c1c5321e8753d9bbdaab-spektakl-chto-tvoryat-muzhchiny-s-sergeem-astahovym-v-g-ramon","1","4"
"https://daibilet.ru/events/tc-69ee66e5a09613371283eacc-bolshoi-stendap-29-iyulya-21-00","1","4"
"https://daibilet.ru/events/tc-6a1823c5ffca47b17cb314c6-tolko-ne-govori-mame","1","4"
"https://daibilet.ru/events/tc-69e8a4649da8d6240af45ecd-nigativ-c-ansamblem-1-10-2026-kosmonavt-sankt-peterburg","1","4"
"https://daibilet.ru/events/tc-6a3d4ffab0ac6e82e38d79c8-master-klass-po-prigotovleniyu-chak-chaka","1","4"
"https://daibilet.ru/events/karelskii-kolorit-dolina-vodopadov-les-uha-i-muzei-v-skale-69f0b7abcee77f3851a95da9","1","4"
"https://daibilet.ru/events?city=%D0%9C%D0%BE%D1%81%D0%BA%D0%B2%D0%B0&amp;page=4","1","4"
"https://daibilet.ru/venues/rok-bar-bardak-67cf03c47ce379b6beead154","1","4"
"https://daibilet.ru/events/ilwt-koncert-na-korable-6a59fb6b3916b22a07efe2b2","1","4"
"https://daibilet.ru/venues/bar-25-17","1","4"
"https://daibilet.ru/events/vystavka-ekzoticheskih-zhivotnyh-6a9eede7bf252444849dce6d","1","3"
"https://daibilet.ru/events/bogemnyi-art-branch-svetskie-tusovki-blesk-i-nischeta-vysshego-obschestva-18-19-vekov-6a5f6fe1c4ea6e29bc569603","1","3"
"https://daibilet.ru/events/progulka-ot-parka-zaryade-na-teplohode-m-88-1383","1","3"
"https://daibilet.ru/events/tc-6a3572d85aa5bdb120e5f4dd-akra-jazz-band-feat-ezgi-alas","1","3"
"https://daibilet.ru/events/lekciya-muzy-geniev-abyuz-v-vysokom-iskusstve-6a7335d4e815aa2375d0d1cf","1","3"
"https://daibilet.ru/events/tc-6a4d955409b5fa6755c0e355-moscow-music-peace-fest-tribute","1","3"
"https://daibilet.ru/events/tc-69fad89bd39219d1ddab9f0e-skazochnaya-gzhel","1","3"
"https://daibilet.ru/events/tc-6a073b1e53b51157862fed4a-sergei-mavrin-artur-berkut","1","3"
"https://daibilet.ru/events/tc-6a43c470e48f493074e02819-semki-shou-lyamur-s-nidalem-18-iyulya-16-00","1","3"
"https://daibilet.ru/venues/rassvet-675c5a411ab29452c6b8dfd6","1","3"
"https://daibilet.ru/events/duhovnyi-valaam-serdce-ladogi-sredi-velichestvennyh-shher-69f0b2f6e140ca8b04a95e54","1","3"
"https://daibilet.ru/events/pavel-kashin-69ada09195d4facc6ffbce1f","1","3"
"https://daibilet.ru/events/tc-69c3d5b25ff94cdb1be67ad3-tri-razvodnyh-mosta-razvod-mostov-ot-petrogradskoi-storony","1","3"
"https://daibilet.ru/events/sibel-kese-i-kvartet-alekseya-cheremizova-6a0cca367f7541fb528aab0c","1","3"
"https://daibilet.ru/cities/moskovskaya-oblast","1","3"
"https://daibilet.ru/events?city=%D0%A1%D0%B0%D0%BD%D0%BA%D1%82-%D0%9F%D0%B5%D1%82%D0%B5%D1%80%D0%B1%D1%83%D1%80%D0%B3&amp;category=%D0%A0%D0%B0%D0%B7%D0%B2%D0%BB%D0%B5%D1%87%D0%B5%D0%BD%D0%B8%D1%8F&amp;page=3","1","2"
"https://daibilet.ru/events/kvartirnik-kompozitora-denisa-stelmaha-v-sankt-peterburge-6a54d6ef04e920ed549d3a6a","1","2"
"https://daibilet.ru/events/tc-69cfc12f120d5fe8dbf21d42-fortepiano-na-zakate-na-smotrovoi-bashne-panorama-nastoyaschaya-neoklassika-muzyka-peta-meteni-i","1","2"
"https://daibilet.ru/events/tc-6a3d4f1417d293db088d7a35-master-klass-po-prigotovleniyu-echpochmaka","1","2"
"https://daibilet.ru/events/tc-6a4e9af8cbee8c3e74e02206-polnoch","1","2"
"https://daibilet.ru/events/tc-6a19a083826e328789c98983-jew3ss-koncert-v-sankt-peterburge-specialnye-gosti","1","2"
"https://daibilet.ru/events/tc-6a426d97c14f2ecf937378bb-eksklyuzivnaya-ekskursiya-bogemnyi-peterburg-kak-lyubili-otdyhali-i-stroili-drug-drugu-kozni-bal","1","2"
"https://daibilet.ru/events/vkusy-kaliningradskoi-oblasti-ekskursiya-pogruzhenie-i-gastronomicheskii-teatr-istoriya-v-tarelke-6a43de049a11d83d48179539","1","2"
"https://daibilet.ru/venues/lounge-bar-1-2-of-you-nevskii","1","2"
"https://daibilet.ru/events/tc-69f86ea09901d4007f49bc69-muzyka-kinoshedevrov-v-siyanii-tysyachi-svechei","1","2"
"https://daibilet.ru/events/tc-6a3bad2cfdc0394f25fa47b7-nochnaya-ekskursiya-6-v-zoocentre-ekzoticheskih-zhivotnyh-panterik","1","2"
"https://daibilet.ru/events/tc-6a2b15603f3e357baa09e993-avet-markaryan-ivanovo-irishcafe","1","2"
"https://daibilet.ru/events/tc-69e9e84b11b5b9c56667d036-master-klass-po-sozdaniyu-yuvelirnogo-ukrasheniya-v-tehnike-goryachaya-emal","1","2"
"https://daibilet.ru/events/tc-6a3bacde92b3af0952b294a3-nochnaya-ekskursiya-6-v-zoocentre-ekzoticheskih-zhivotnyh-panterik","1","2"
"https://daibilet.ru/venues/nebar-61dd156e4d13d18aeb8abf60","1","2"
"https://daibilet.ru/events/gruppirovka-sverdlovsk-10-10-perm-e-bar-6a66fb5c29f8e751de22ad5d","1","2"
"https://daibilet.ru/locations/gorodskoi-kurort-prityazhenie-6a38bf3bd268baa65191d658","1","2"
"https://daibilet.ru/events/tc-6a453f2fa71a7dd9e81798da-tri-razvodnyh-mosta-razvod-mostov-ot-petrogradskoi-storony","1","2"
"https://daibilet.ru/events/tc-6a416c1b7da07c35a22b2b5d-lana-del-rey-tribute","1","2"
"https://daibilet.ru/events/tc-6a0b717a17db3c7f4e7a7807-yan-zubkov-stendap-koncert-11-iyulya-19-00","1","1"
"https://daibilet.ru/events/tc-6a45491281db6d620ce8f38f-chastnye-sady-podmoskovya-sergievo-posadskii-raion","1","1"
"https://daibilet.ru/venues/letnii-dvorik-progolos","1","1"
"https://daibilet.ru/events/neoklassicheskii-koncert-yulii-kockoi-6a385ee6a0eabd2608e7fdbb","1","1"
"https://daibilet.ru/events/tc-6a3104e50dd6dea27399a250-gde-moi-2008-zorka","1","1"
"https://daibilet.ru/events/tc-6a3d552fda78d0c2838d79c4-master-klass-2-v-1-gotovim-chak-chak-i-echpochmak","1","1"
"https://daibilet.ru/events/master-klass-po-prigotovleniyu-chak-chaka-6a6905466f8d69bc7d0f6cd6","1","1"
"https://daibilet.ru/events/muzykalnoe-loto-na-teplohode-alenka-1357","1","1"
"https://daibilet.ru/events/tc-69f259aaf0f916d57c56cba8-bolshoi-stendap-7-avgusta-21-30","1","1"
"https://daibilet.ru/events/tc-6a3562b05ee3102bd485e8ef-otkrytyi-mikrofon-28-iyulya-21-30","1","1"
"https://daibilet.ru/events/muzei-nostalgii-na-nevskom-ekskursiya-lihie-90e-mini-koncert-i-chaepitie-6a62bcaa1443bd6b32d7a927","1","1"
"https://daibilet.ru/events/tc-69fdc8a82300f3f7c4333169-system-of-a-down-tribute-chopsy-msk","1","1"
"https://daibilet.ru/events/tc-6a352b66770175be2028abbd-nikita-obrazcov-religiya-bez-boga-buddizm-daosizm-i-svetskii-gumanizm","1","1"
"https://daibilet.ru/locations/teplohod-rio1","1","1"
"https://daibilet.ru/events/tc-6a438ebda32e58ea211797e2-aivazovskii-ozhivshie-polotna","1","1"
"https://daibilet.ru/events/tc-6a461bf678266fbf7d857ebe-yumoristicheskoe-shou-vspomnit-vse","1","1"
"https://daibilet.ru/locations/basket-hall","1","1"
"https://daibilet.ru/events/tc-69d76fe7773c53d0feb8d999-solnyi-koncert-russkii-razmer-33","1","1"
"https://daibilet.ru/events/tc-6a27cad39c944e4d944ef880-angliiskii-klub","1","1"
"https://daibilet.ru/events/tc-6a35155a46b5931540a936e6-guzhenko-hiro-a-my-ne-angely-paren-akusticheskii-kvartirnik","1","1"
"https://daibilet.ru/events/ekskursiya-v-russkii-park-vodnyh-sadov-6a5dfd28d65e021e27f4ce87","1","1"
"https://daibilet.ru/events/tc-6a424c467d339377c11793fd-oratorskoe-masterstvo-dlya-zhizni-i-karery-biznes","1","1"
"https://daibilet.ru/events/tc-6a4392d34d70b3fe8f179687-zagadochnye-miry-ieronima-bosha-frida-kalo-neslomlennaya","1","1"
"https://daibilet.ru/events/konstantin-butakov-69e67e0e6241565145d1e0d9","1","1"
"https://daibilet.ru/events/tc-6a1736ad58e2f1e2555646b8-noch-jagger-tancy-s-kaver-gruppoi-vishnevyi-zaryad","1","1"
"https://daibilet.ru/events/komnata-60-kirov-spb-6a68d8308297a88fd702c774","1","1"
"https://daibilet.ru/venues/muzei-dvoinoe-dno","1","1"
"https://daibilet.ru/events/cirk-shapito-skif-v-g-hanty-mansiisk-6a6975873828655717a5d0a2","0","278"
"https://daibilet.ru/locations/saint-petersburg-isaakievskiy-sobor","0","187"
"https://daibilet.ru/moscow/dinner-boat","0","182"
"https://daibilet.ru/events/shou-kaskaderov-v-g-cherepovec-6a51187744f9a8be10d5aadb","0","174"
"https://daibilet.ru/events/tc-69b4616d77069945c6b1b172-pennoe-fest-pennoe-fest-2026","0","174"
"https://daibilet.ru/kontserty/moscow","0","173"
"https://daibilet.ru/kontserty/penza","0","170"
"https://daibilet.ru/locations/isaakievskiy-sobor-3aeb14ae1a71","0","165"
"https://daibilet.ru/venues/ruki-vverh","0","147"
"https://daibilet.ru/venues/klub-alekseya-kozlova","0","146"
"https://daibilet.ru/events/tc-6a393491d15df8299724068f-obzornaya-ekskursiya-petropavlovskaya-krepost","0","145"
"https://daibilet.ru/locations/klub-alekseya-kozlova-590854a3515e350016705a52","0","140"
"https://daibilet.ru/kontserty/krasnodar","0","138"
"https://daibilet.ru/locations/dzhaz-klub-igorya-butmana-66b3573c2db974aba923ad44","0","137"
"https://daibilet.ru/events/tc-69fdce5bc60ea6fc6c03ca75-ekskursiya-v-dom-uchenyh-vladimirskii-dvorec","0","136"
"https://daibilet.ru/venues/dk-lyubercy","0","135"
"https://daibilet.ru/locations/m-vdnh-66212f8077bdbd90241d0c55","0","132"
"https://daibilet.ru/venues/bylinnyi-bereg","0","125"
"https://daibilet.ru/venues/mezhdunarodnyi-vystavochnyi-centr-kazan-ekspo","0","124"
"https://daibilet.ru/events/tc-6a4272b9d7ee3c472f1795f8-obzornaya-ekskursiya-po-sankt-peterburgu-s-posescheniem-petropavlovskoi-kreposti","0","123"
"https://daibilet.ru/rechnye-progulki/novosibirsk/","0","121"
"https://daibilet.ru/kontserty/voronezh","0","98"
"https://daibilet.ru/locations/dk-im-lenina-5d5eca0ec64e8b3cf8a6741d","0","98"
"https://daibilet.ru/events/tc-6a46564ea79e6e89d538cef6-solnyi-koncert-betsy-v-moskve","0","96"
"https://daibilet.ru/venues/dk-tolyatti-58b545e4515e350016865b5b","0","93"
"https://daibilet.ru/locations/standup-store-moscow-66953ffc36fed1abc1107269","0","85"
"https://daibilet.ru/locations/kozlov-club-unplugged-624c69d8b949160eb15f1bbb","0","85"
"https://daibilet.ru/events/tc-6a393d42202a775786240591-obzornaya-ekskursiya-po-sankt-peterburgu-s-posescheniem-isaakievskogo-sobora","0","83"
"https://daibilet.ru/kontserty/ufa","0","82"
"https://daibilet.ru/locations/kitai-gorod-ustinskii-sektor-b-41","0","80"
"https://daibilet.ru/kontserty/saratov","0","80"
"https://daibilet.ru/blog/moskva-rechnye-progulki-kak-vybrat","0","80"
"https://daibilet.ru/venues/dk-kolomna","0","77"
"https://daibilet.ru/events/tc-6a1480ae826c7fe9957aab76-muzei-garri-pottera","0","73"
"https://daibilet.ru/saint-petersburg/spb-yards","0","72"
"https://daibilet.ru/locations/glav-klub-587e0801515e350017c0e7e8","0","70"
"https://daibilet.ru/cities/kazan","0","69"
"https://daibilet.ru/blog/spb-dvory-paradnye-kommunalki","0","69"
"https://daibilet.ru/events/final-chempionata-mira-po-futbolu-6a53bbe57a2a2364406fe2b4","0","66"
"https://daibilet.ru/blog/kazan-2-3-dnya-samostoyatelno-karta","0","66"
"https://daibilet.ru/events/tc-6a477965516e3db6a6415ead-zhenskii-stendap-koncert","0","65"
"https://daibilet.ru/events/tc-6a39333ab6b70fed74240675-obzornaya-ekskursiya-po-sankt-peterburgu-s-posescheniem-ermitazha","0","65"
"https://daibilet.ru/venues/moskva-lavrushinskii-pereulok-10","0","64"
"https://daibilet.ru/events/uglystephan-samara-21-avgusta-6a71a7671918f2e8e0e7c5cf","0","63"
"https://daibilet.ru/avtobusnye-ekskursii/kazan/","0","63"
"https://daibilet.ru/events/tc-6a4272a9d7ee3c472f17954f-obzornaya-ekskursiya-po-sankt-peterburgu-s-posescheniem-petropavlovskoi-kreposti","0","63"
"https://daibilet.ru/events/poma-run-cup-2026-6a1ecd08f21a88f048f713e0","0","62"
"https://daibilet.ru/blog/moskva-immersivnye-vystavki","0","62"
"https://daibilet.ru/venues/dk-im-karla-marksa","0","61"
"https://daibilet.ru/peshie-ekskursii/saint-petersburg","0","61"
"https://daibilet.ru/events/tc-6a3afe3699d35eed3b50f870-koncert-gruppy-bratya-grim-v-suzdale","0","60"
"https://daibilet.ru/kontserty/chelyabinsk","0","60"
"https://daibilet.ru/events/tc-6a200219fe3e60f08f1baa46-festival-zvezdy-russkogo-radio-v-zavidovo","0","59"
"https://daibilet.ru/locations/hram-hrista-spasitelya-64071a5f6b04236ae9ad4fae","0","59"
"https://daibilet.ru/events/vivaldi-vremena-goda-6a58d1c5e51a7567aa06b890","0","57"
"https://daibilet.ru/venues/klub-artel-612490eb934d7e64a394caf0","0","56"
"https://daibilet.ru/venues/dk-im-kalinina","0","56"
"https://daibilet.ru/events/tc-69d40330ac18b1b580a25f56-anna-asti-solnyi-koncert-shou-carica-v-g-lipeck","0","54"
"https://daibilet.ru/events/tc-6a2c227c7079c5ab951e702c-aleksandr-egromzhan-koncert-k-dnyu-rozhdeniya","0","54"
"https://daibilet.ru/events/tc-6a0ac91a8b7a1f12759f9fcf-diskoteka-90-h","0","53"
"https://daibilet.ru/events/gone-fludd-rostov-na-donu-1-noyabrya-6a69aad4df1b1b8e9201b5ed","0","52"
"https://daibilet.ru/saint-petersburg/night-bridges","0","52"
"https://daibilet.ru/events/hardcore-origins-iii-rebirth-vechernii-hardkor-open-eir-na-kryshe-6a5eb174f463a01c7c311f61","0","51"
"https://daibilet.ru/events/valentin-sidorov-stendap-koncert-1-avgusta-16-30-6a596cd10a03cc3f812ec3ca","0","51"
"https://daibilet.ru/locations/maksimilians-5b6a985f13749d0021cc3b8c","0","51"
"https://daibilet.ru/events/prizrak-opery-6a56a3e3c81265d84da7cda5","0","51"
"https://daibilet.ru/venues/galereya-ili-glazunova","0","49"
"https://daibilet.ru/venues/mts-live-holl-sankt-peterburg","0","49"
"https://daibilet.ru/venues/restoran-gorynych","0","46"
"https://daibilet.ru/locations/cirk-shapito-chudesa-manezha-g-aznakaevo-u-tc-essen","0","45"
"https://daibilet.ru/events/zhenskii-stendap-koncert-6a608cbbc2487504c0e51c42","0","45"
"https://daibilet.ru/locations/nacionalnyi-centr-rossiya-1","0","45"
"https://daibilet.ru/locations/m-aviamotornaya","0","44"
"https://daibilet.ru/venues/muzei-faberzhe","0","44"
"https://daibilet.ru/locations/depo-69f3af9d9f003040fd8095f2","0","43"
"https://daibilet.ru/events/tc-6a393e14202a775786240eeb-obzornaya-ekskursiya-po-sankt-peterburgu-s-posescheniem-isaakievskogo-sobora","0","43"
"https://daibilet.ru/events/tc-6a02e72c491df9561a0ee65a-anna-asti-solnyi-koncert-shou-carica-v-g-lyubercy","0","42"
"https://daibilet.ru/events/21-08-gudtaims-rybinsk-art-klub-perekrestok-6a567b6fa8ff7e7f44bfcd2a","0","42"
"https://daibilet.ru/venues/dzhaz-klub-esse","0","42"
"https://daibilet.ru/venues/klub-restoran-petrovich","0","42"
"https://daibilet.ru/events/tur-po-baram-moskvy-chistye-prudy-6a52b5cbf10987d7b463ce3e","0","42"
"https://daibilet.ru/events/system-of-a-down-tribute-chopsy-msk-6a0d73a9018e15f41bdb4b25","0","41"
"https://daibilet.ru/locations/dk-rgsu-5a159b08d35286001a228685","0","41"
"https://daibilet.ru/neobychnye-teatry/moscow","0","41"
"https://daibilet.ru/events/vsya-moskva-na-flagmane-ot-prichala-kitai-gorod-ustinskii-most-za-2-chasa-45-min-1250","0","41"
"https://daibilet.ru/kontserty/perm","0","41"
"https://daibilet.ru/events/islam-itlyashev-16-sentyabrya-v-ulan-ude-6a1e6c48b406caa4ac0ad7dd","0","40"
"https://daibilet.ru/locations/dvorec-iskusstv-leningradskoi-oblasti-dk-gorkogo-palace-of-arts-of-the-leningrad-region-dk-a-m-gorky-569f95119cb5384414","0","40"
"https://daibilet.ru/kontserty/tyumen","0","40"
"https://daibilet.ru/venues/dk-yunost-62504442db32ef6481def1a3","0","40"
"https://daibilet.ru/venues/faraon","0","40"
"https://daibilet.ru/events/tc-69fdce5dc60ea6fc6c03ca85-ekskursiya-v-dom-uchenyh-vladimirskii-dvorec","0","40"
"https://daibilet.ru/stendap-i-yumor/krasnodar","0","39"
"https://daibilet.ru/novyj-god/saint-petersburg","0","39"
"https://daibilet.ru/events/ekskursiya-paradnye-i-dvory-peterburga-6a6861a5b1c809f15c3bca10","0","39"
"https://daibilet.ru/events/petr-nalich-69f9b0958ed680262a47cfa1","0","38"
"https://daibilet.ru/events/tc-6a2d70b7385229aa22e99559-razvodnye-mosty-peterburga-s-borta-teplohoda","0","38"
"https://daibilet.ru/kontserty/saint-petersburg","0","37"
"https://daibilet.ru/kontserty/tomsk","0","37"
"https://daibilet.ru/events/tc-69fdce54c60ea6fc6c03ca35-ekskursiya-v-dom-uchenyh-vladimirskii-dvorec","0","37"
"https://daibilet.ru/rechnye-progulki/rostov-on-don/","0","36"
"https://daibilet.ru/locations/ritm-blyuz-kafe-6291c7dc6b867f33f09498b4","0","36"
"https://daibilet.ru/events/tc-69fdce52c60ea6fc6c03ca1d-ekskursiya-v-dom-uchenyh-vladimirskii-dvorec","0","36"
"https://daibilet.ru/kontserty","0","35"
"https://daibilet.ru/events/tc-6a148369ba3f2e67a63718eb-muzei-garri-pottera","0","35"
"https://daibilet.ru/offer","0","35"
"https://daibilet.ru/venues/ermitazh","0","35"
"https://daibilet.ru/cities/samara","0","35"
"https://daibilet.ru/events/cirk-shapito-skif-v-g-nyagan-6a6978c754cf92f93bd7e961","0","34"
"https://daibilet.ru/events/tc-69f25e3d18c4eb18a93b128a-bolshoi-stendap-28-avgusta-19-00","0","34"
"https://daibilet.ru/events/tc-69b07cb3d8076df088fb47cb-vivaldi-vremena-goda","0","34"
"https://daibilet.ru/locations/twentyoneclub-63372307d8253c4d0b571994","0","34"
"https://daibilet.ru/events/tc-69ef796bdbd64fff6c6fedde-planetarii-1","0","34"
"https://daibilet.ru/kontserty/vladivostok","0","33"
"https://daibilet.ru/cities/novosibirsk","0","33"
"https://daibilet.ru/avtobusnye-ekskursii/moscow","0","33"
"https://daibilet.ru/cities/sol-ileck","0","33"
"https://daibilet.ru/events/tc-69c3e348d85d086f75621661-obzornaya-ekskursiya-petropavlovskaya-krepost","0","33"
"https://daibilet.ru/events/fabio-lepore-italiya-i-trio-alekseya-cheremizova-na-festivale-zvuchanie-volzhskogo-zakata-6a51fe025a1a204af58dabf0","0","32"
"https://daibilet.ru/venues/klub-atmosfera","0","32"
"https://daibilet.ru/venues/moskovskii-prodyuserskii-centr","0","32"
"https://daibilet.ru/events/tc-6a393d4f202a775786240621-obzornaya-ekskursiya-po-sankt-peterburgu-s-posescheniem-isaakievskogo-sobora","0","32"
"https://daibilet.ru/cities/nizhniy-novgorod","0","31"
"https://daibilet.ru/venues/michurinskii-dramaticheskii-teatr","0","31"
"https://daibilet.ru/locations/avtodrom-moscow-raceway","0","31"
"https://daibilet.ru/locations/otel-sankt-peterburg-bolshoi-koncertnyi-zal-61ded2e6b41898752a899308","0","31"
"https://daibilet.ru/locations/faraon-5a5f50d7519f7b0020eaedb7","0","31"
"https://daibilet.ru/venues/hudozhestvennyi-muzei-musora-kaliningrad-mu-mu-ka-638777200ef76982d34038d4","0","30"
"https://daibilet.ru/events/tc-69fd82eadb42bf5f5966403b-anna-asti-solnyi-koncert-shou-carica-v-g-kurgan","0","30"
"https://daibilet.ru/kontserty/novosibirsk","0","30"
"https://daibilet.ru/locations/jagger-club-5b2c774dd35286001daa6bdf","0","30"
"https://daibilet.ru/events/tc-6a157d724752d3e8814b39b7-balet-lebedinoe-ozero","0","30"
"https://daibilet.ru/events/kamazz-tambov-6a674fc9af5c6ea6930b7283","0","29"
"https://daibilet.ru/events","0","29"
"https://daibilet.ru/events/tc-6a0451174fc7885193e72f33-kemerovo-nigativ-4-sentyabrya-klub-efir","0","29"
"https://daibilet.ru/cities/sankt-peterburg","0","29"
"https://daibilet.ru/locations/art-prostranstvo-werk-60626ab34000ab1a1baad629","0","29"
"https://daibilet.ru/events/tc-698b26246677c7cbcfe8f316-3-etap-smp-formula-4","0","28"
"https://daibilet.ru/events/dzhazovyi-kruiz-saint-petersburg-jazz-festival-6a4d0478a285fa3dcd0d9868","0","28"
"https://daibilet.ru/locations/kdc-bronnicy-697113eaa82cab840412b167","0","28"
"https://daibilet.ru/events/tc-6a4e0dcb288ec98394c62748-dzhaz-kabare-burlesk-shou-na-panoramnoi-kryshe-v-soprovozhdenii-zhivogo-dzhaza-18","0","28"
"https://daibilet.ru/events/tc-69e8e269002beb4cb067d5f7-ekskursiya-v-pushkin-byvshee-carskoe-selo-s-posescheniem-liceya","0","28"
"https://daibilet.ru/venues/angliiskaya-naberezhnaya-54-passazhirskii-terminal-67f399e52279d865258cb6b0","0","27"
"https://daibilet.ru/venues/signal","0","27"
"https://daibilet.ru/kontserty/kurgan","0","27"
"https://daibilet.ru/venues/klub-vysockii","0","27"
"https://daibilet.ru/cities/krasnodar","0","27"
"https://daibilet.ru/events/tc-6a393d9d202a775786240993-obzornaya-ekskursiya-po-sankt-peterburgu-s-posescheniem-isaakievskogo-sobora","0","27"
"https://daibilet.ru/events/cirk-shapito-feniks-v-g-bryanske-6a6a1368c56a1075951aa9fa","0","26"
"https://daibilet.ru/events/zoosad-ekzotik-park-v-rostove-na-donu-6a670bd975f56b86a9c5eb65","0","26"
"https://daibilet.ru/events/tc-69e7539ace3a86aea567cf8f-stendap-otkrytyi-mikrofon","0","26"
"https://daibilet.ru/events/tc-69e5f0546f2ef39d67a00eda-anna-asti-solnyi-koncert-shou-carica-v-g-ryazan","0","26"
"https://daibilet.ru/events/tc-69f65172f032041ad836d66c-evgenii-grigorev-zheka-letnii-koncert","0","26"
"https://daibilet.ru/locations/cska-arena-579f5b7e9cb5387ea1d87f5a","0","26"
"https://daibilet.ru/locations/lyustra-bar-5e136c4bb47376fe75d2b06d","0","26"
"https://daibilet.ru/events/myuzikl-prizrak-opery-6a57596b40515d67ca4538a0","0","26"
"https://daibilet.ru/events/tc-69fdce5ac60ea6fc6c03ca6d-ekskursiya-v-dom-uchenyh-vladimirskii-dvorec","0","26"
"https://daibilet.ru/login?returnUrl=/account/purchases","0","25"
"https://daibilet.ru/events/kovalski-na-kryshe-kvartet-fiesta-pro-s-programmoi-nevesomost-neoklassika-6a41e0e4ebd3b71f7254b219","0","25"
"https://daibilet.ru/events/tc-6a43bac92af84ff7b9cd1066-dire-straits-tribute-show","0","25"
"https://daibilet.ru/events/tc-6a08d2eedba376cc5d86c90b-system-of-a-down-tribute-chopsy-msk","0","25"
"https://daibilet.ru/venues/teatr-surgu","0","25"
"https://daibilet.ru/moscow/moscow-museums","0","25"
"https://daibilet.ru/blog/moskva-kvesty-escape-room","0","25"
"https://daibilet.ru/locations/gbuk-rt-gosudarstvennyi-bolshoi-koncertnyi-zal-imeni-saliha-saidasheva-63cb89057ad8e1bcd59fe024","0","25"
"https://daibilet.ru/cities/habarovsk","0","25"
"https://daibilet.ru/venues/kinoteatr-sovremennik","0","25"
"https://daibilet.ru/events/tc-6a0a1d4d69c61af2fb0eb202-fentezi-fest-2026","0","24"
"https://daibilet.ru/venues/bar-restoran-doski","0","24"
"https://daibilet.ru/events/koncert-gruppy-chernyi-kofe-6a673c70c48344284094166c","0","24"
"https://daibilet.ru/venues/art-teatr-na-leninskom","0","24"
"https://daibilet.ru/venues/zelenyi-teatr-na-vdnh","0","24"
"https://daibilet.ru/venues/vysotka-na-kotelnicheskoi-naberezhnoi-65367dd04235988deba6c215","0","24"
"https://daibilet.ru/events/tc-69fdce52c60ea6fc6c03ca25-ekskursiya-v-dom-uchenyh-vladimirskii-dvorec","0","24"
"https://daibilet.ru/events/nurminskii-biisk-12-noyabrya-panorama-6a4f8c5ca14bb37bdb5347f8","0","23"
"https://daibilet.ru/events/tc-699c7af85b4672904c313d62-seks-v-sssr-intimnye-tainy-stolicy-18","0","23"
"https://daibilet.ru/venues/vserossiiskaya-gosudarstvennaya-biblioteka-inostrannoi-literatury-im-m-i-rudomino","0","23"
"https://daibilet.ru/venues/schelkovskii-centralnyi-dvorec-kultury","0","23"
"https://daibilet.ru/venues/jagger-club","0","23"
"https://daibilet.ru/venues/planetarii-1","0","23"
"https://daibilet.ru/events/tc-6a393dbc202a775786240afb-obzornaya-ekskursiya-po-sankt-peterburgu-s-posescheniem-isaakievskogo-sobora","0","23"
"https://daibilet.ru/venues/klub-a2-69e108a0ca607ce900489954","0","23"
"https://daibilet.ru/locations/bolshoi-petergofskii-dvorec-68c6ae79d5b98d58ded70411","0","23"
"https://daibilet.ru/events/tc-6a4272c0d7ee3c472f179653-obzornaya-ekskursiya-po-sankt-peterburgu-s-posescheniem-petropavlovskoi-kreposti","0","23"
"https://daibilet.ru/events/tc-69c3e344d85d086f7562163a-obzornaya-ekskursiya-petropavlovskaya-krepost","0","23"
"https://daibilet.ru/locations/hairy-lemon-pub-5c444cafd13c3c000c798c7f","0","22"
"https://daibilet.ru/events/tc-6a438ed9a32e58ea2117990d-aivazovskii-ozhivshie-polotna","0","22"
"https://daibilet.ru/locations/kultura-koncert-holl-69a7da83ff8548bacf9b28bb","0","22"
"https://daibilet.ru/cities/korolev","0","22"
"https://daibilet.ru/events/tc-6a147c38d0f157c8587aab80-muzei-garri-pottera","0","22"
"https://daibilet.ru/events/tc-699c76c8bcfc0ae83b959100-mavzolei-lenina-tainy-kremlevskogo-nekropolya","0","22"
"https://daibilet.ru/venues/harats-pub","0","22"
"https://daibilet.ru/locations/werk-6016e1400b6ed8da22eaa0fe","0","22"
"https://daibilet.ru/events/linda-6a5e051882488147c6336611","0","22"
"https://daibilet.ru/venues/moskovskii-teatr-studiya-vsevoloda-shilovskogo","0","22"
"https://daibilet.ru/events/zhenskii-stendap-6a57704a5ce4c979eb031514","0","22"
"https://daibilet.ru/events/novogodnyaya-moskva-obzornaya-avtobusnaya-ekskursiya-31-dekabrya-6a534beed3a8340d5414ffdc","0","22"
"https://daibilet.ru/events/odyssey-zorka-15-08-subbota-6a6227f2d26ca5fa2ceb4267","0","21"
"https://daibilet.ru/events/tc-69f258dd9aa0f07c93629a8e-bolshoi-stendap-4-avgusta-21-00","0","21"
"https://daibilet.ru/events/flow-by-broconf-pool-edition-6a5de7a323b1b61bde5c2073","0","21"
"https://daibilet.ru/locations/klub-eclipse-68a2318e570b3d4ed42c170b","0","21"
"https://daibilet.ru/venues","0","21"
"https://daibilet.ru/stendap-i-yumor/kazan","0","21"
"https://daibilet.ru/events/tc-6a2ff36e4a03168524fe111b-cirk-fantastik","0","21"
"https://daibilet.ru/locations/teatr-licedei-69461843272439d25642e13c","0","21"
"https://daibilet.ru/locations/stage-standup-club-krasnyi-zal-670feefad4ced7a4e82991a8","0","21"
"https://daibilet.ru/locations/muzei-garri-pottera-hogvarts-holl-688e4e01a7c61ff02c5f6ca7","0","21"
"https://daibilet.ru/kontserty/ryazan","0","21"
"https://daibilet.ru/venues/restoran-klub-magnus-locus","0","21"
"https://daibilet.ru/venues/dk-himik-63ad3b3f28d9b12c9fc2aeb2","0","21"
"https://daibilet.ru/locations/luzhniki-48","0","21"
"https://daibilet.ru/events/tc-69fdce5fc60ea6fc6c03ca9d-ekskursiya-v-dom-uchenyh-vladimirskii-dvorec","0","21"
"https://daibilet.ru/events/ekskursiya-v-pushkin-carskoe-selo-s-posescheniem-liceya-6a5dc3e167f765b53b81841d","0","21"
"https://daibilet.ru/events/kamazz-krasnodar-6a6751b96cef4be824924525","0","20"
"https://daibilet.ru/events/tc-6a1483abba3f2e67a6371b61-muzei-garri-pottera","0","20"
"https://daibilet.ru/locations/teatralno-koncertnyi-kompleks-karnaval-carnival-concert-hall-anichkov-palace-55803eb59cb5381698a567fc","0","20"
"https://daibilet.ru/venues/gosudarstvennyi-ermitazh","0","20"
"https://daibilet.ru/venues/maksimilians","0","20"
"https://daibilet.ru/events/tc-6a438ee8a32e58ea211799a9-aivazovskii-ozhivshie-polotna","0","20"
"https://daibilet.ru/venues/rdk-oktyabr","0","20"
"https://daibilet.ru/locations/krymskii-most-11","0","20"
"https://daibilet.ru/locations/teplohod-moskva","0","20"
"https://daibilet.ru/events/tc-69fdce58c60ea6fc6c03ca55-ekskursiya-v-dom-uchenyh-vladimirskii-dvorec","0","20"
"https://daibilet.ru/vystavki-i-muzei/krasnodar","0","20"
"https://daibilet.ru/podborki","0","19"
"https://daibilet.ru/places","0","19"
"https://daibilet.ru/events/tc-69f2593818c4eb18a93b1189-bolshoi-stendap-6-avgusta-21-00","0","19"
"https://daibilet.ru/events/cirk-shapito-zvezda-v-g-semenov-6aa2dbb0734e065ca6c58b98","0","19"
"https://daibilet.ru/events/tc-6a3d133c90300cea382799d5-nurminskii-solnyi-koncert-dimitrovgrad-19-sentyabrya-black-tie","0","19"
"https://daibilet.ru/events/lizer-25-oktyabrya-tula-6a5e4ac016111dcdc710f46c","0","19"
"https://daibilet.ru/events/tc-6a3d4e6aa6834a4d2c2658d1-solnyi-stendap-koncert-vani-usovicha","0","19"
"https://daibilet.ru/locations/pab-oliver-5adf4decd35286001b9f584b","0","19"
"https://daibilet.ru/locations/gck-neftekamsk-5df3bd0801e9e5cb31097ef2","0","19"
"https://daibilet.ru/locations/cirk-shapito-fantastic-6a3bfc6f2ba44800485568c6","0","19"
"https://daibilet.ru/locations/o-connell-s-pub-5a65b445d35286001d9dff03","0","19"
"https://daibilet.ru/venues/erofei-arena-60e70a8e75aaebcb52fa96f4","0","19"
"https://daibilet.ru/cities/ufa","0","19"
"https://daibilet.ru/venues/kulturnyi-centr-salyut","0","19"
"https://daibilet.ru/venues/kafedralnyi-sobor-sv-petra-i-pavla-petrikirhe-595eba63515e350015dff9ef","0","19"
"https://daibilet.ru/events/tc-6a393310b6b70fed7424047d-obzornaya-ekskursiya-po-sankt-peterburgu-s-posescheniem-ermitazha","0","19"
"https://daibilet.ru/events/tc-69bbe058774d0a3ad5f82a3c-reki-i-kanaly-obzornaya-vodnaya-progulka-po-sankt-peterburgu","0","19"
"https://daibilet.ru/events/tc-6a21f1ca65a216b9cfaff304-pyataya-stihiya","0","18"
"https://daibilet.ru/events/tc-6a147cdc865aec5f31371b3d-muzei-garri-pottera","0","18"
"https://daibilet.ru/events/tc-6a353e42a94de0a2171016d6-rok-opera-kon-blednyi","0","18"
"https://daibilet.ru/events/bolshoi-stendap-9-sentyabrya-21-00-6a7359cfaf00304e7538e918","0","18"
"https://daibilet.ru/locations/klub-big-ben-5ccac696aba999000cbc902e","0","18"
"https://daibilet.ru/venues/dk-tulamashzavod","0","18"
"https://daibilet.ru/kontserty/tula","0","18"
"https://daibilet.ru/locations/sad-ermitazh-5532304f9cb5387c401d984f","0","18"
"https://daibilet.ru/cities/batumi","0","18"
"https://daibilet.ru/events/tc-6a4224491e57d9dfd190c192-tatarskaya-chak-chak-diskoteka-18","0","18"
"https://daibilet.ru/events/na-kinostudiyu-lenfilm","0","18"
"https://daibilet.ru/events/ekskursiya-v-pushkin-carskoe-selo-s-posescheniem-liceya-6a5dc3dc67f765b53b8183d8","0","18"
"https://daibilet.ru/events/tc-6a1ff12357347beb5907e945-bolshoi-letnii-koncert-olega-maiami-v-moskve","0","17"
"https://daibilet.ru/events/zoosad-ekzotik-park-v-rostove-na-donu-6a6708b1da584b9c4abf818c","0","17"
"https://daibilet.ru/events/tc-6a462ecc121d05065f636212-nurminskii-solnyi-koncert-habarovsk-6-noyabrya-agutin-bar","0","17"
"https://daibilet.ru/venues/bar-agutin","0","17"
"https://daibilet.ru/venues/nedetskii-fudmoll-v-cdm","0","17"
"https://daibilet.ru/rechnye-progulki/volgograd/","0","17"
"https://daibilet.ru/events/22-08-leningrad-i-kish-art-house-ex-new-slam-ramenskoe-6a73369db79fe0aee14b21a2","0","17"
"https://daibilet.ru/events/tc-6a147cf9865aec5f31371c15-muzei-garri-pottera","0","17"
"https://daibilet.ru/locations/restoran-maksimilians-629310d2b0a8b47d0a47e0e7","0","17"
"https://daibilet.ru/vystavki-i-muzei/krasnoyarsk","0","17"
"https://daibilet.ru/cities/kurgan","0","17"
"https://daibilet.ru/locations/sochi-kurort-roza-hutor","0","17"
"https://daibilet.ru/venues/dk-yunost-68d426d97e7f0d207661e5d7","0","17"
"https://daibilet.ru/locations/luzhniki-severnyi-19","0","17"
"https://daibilet.ru/locations/dom-aktera-5a66f563515e35001ecb7241","0","17"
"https://daibilet.ru/events/tc-6a427323d7ee3c472f179a97-obzornaya-ekskursiya-po-sankt-peterburgu-s-posescheniem-petropavlovskoi-kreposti","0","17"
"https://daibilet.ru/events/obzornaya-ekskursiya-po-sankt-peterburgu-s-posescheniem-ermitazha-6a5dcf41e33932113d818b99","0","17"
"https://daibilet.ru/kontserty/orel","0","17"
"https://daibilet.ru/events/tc-69c3e33bd85d086f756215ec-obzornaya-ekskursiya-petropavlovskaya-krepost","0","17"
"https://daibilet.ru/events/tc-69e8e26d002beb4cb067d625-ekskursiya-v-pushkin-byvshee-carskoe-selo-s-posescheniem-liceya","0","17"
"https://daibilet.ru/events/cirk-shapito-hischnik-i-princessa-cirka-vo-vladikavkaze-6a6771a23a2105a1ca31984e","0","16"
"https://daibilet.ru/blog/myuzikly-teatr-novichok-msk-spb","0","16"
"https://daibilet.ru/events/cirk-shapito-karakat-shou-g-elec-6a6e04aa689040426d606ea3","0","16"
"https://daibilet.ru/events/zooteatr-koshek-v-g-vladivostok-6a2fcc191afbe4b32eee37f5","0","16"
"https://daibilet.ru/events/tc-69f25c793756d4c524824a2b-bolshoi-stendap-16-avgusta-21-00","0","16"
"https://daibilet.ru/rechnye-progulki","0","16"
"https://daibilet.ru/events/oficialnoe-aftepati-festivalya-trip2026-official-afterparty-v-moskve-6a4f9219a14bb37bdb534ce8","0","16"
"https://daibilet.ru/rechnye-progulki/saint-petersburg","0","16"
"https://daibilet.ru/events/tataro-bashkirskaya-chak-chak-diskoteka-18-6a58de66222cfefe507f8979","0","16"
"https://daibilet.ru/events/tataro-bashkirskaya-chak-chak-diskoteka-6a5b9a8c55ba6e585e62617d","0","16"
"https://daibilet.ru/events/tc-6a3e0eef86ee9f9fe1253c1e-znakomstvo-s-holmgardom-immersivnoe-pogruzhenie-v-istoriyu","0","16"
"https://daibilet.ru/venues/pab-oliver-5adf4decd35286001b9f584b","0","16"
"https://daibilet.ru/blog/spb-stendap-gid","0","16"
"https://daibilet.ru/events/tc-699c76cabcfc0ae83b959112-mavzolei-lenina-tainy-kremlevskogo-nekropolya","0","16"
"https://daibilet.ru/locations/rok-klub-m2-59af3019515e35001963a048","0","16"
"https://daibilet.ru/cities/ryazan","0","16"
"https://daibilet.ru/venues/ruki-vverh-bar-630cd1d095cfa4cf019cf8be","0","16"
"https://daibilet.ru/events/tc-6a3d103f5cfe097f2dabc101-stendap-koncert-luchshie-shutki","0","16"
"https://daibilet.ru/locations/arhangelsk-arhangelskiy-gostinyy-dvor","0","16"
"https://daibilet.ru/venues/sinii-pushkin-bar-shnurova","0","16"
"https://daibilet.ru/locations/vyborgskii-dvorec-kultury-596cd724d35286001a812dff","0","16"
"https://daibilet.ru/events/tc-6a0ac9178b7a1f12759f9faf-diskoteka-90-h","0","16"
"https://daibilet.ru/locations/naprotiv-teatra-sovremennik-625af9838532f4ffe3fefe4b","0","16"
"https://daibilet.ru/locations/nirvana-club-64b6dae56750ff0536542a1e","0","16"
"https://daibilet.ru/events/tc-69c120bf80d5f6e8536a010a-poseschenie-smotrovoi-ploschadki-vyshe-tolko-lyubov-v-moskva-siti-0","0","16"
"https://daibilet.ru/venues/igor-butman-jazz-club","0","16"
"https://daibilet.ru/events/vadim-eilenkrig-eilenkrig-crew-69cb6f97d8ccec1822b45737","0","16"
"https://daibilet.ru/blog/spb-barnyy-peterburg-ryumochnye-spikizi","0","16"
"https://daibilet.ru/avtobusnye-ekskursii/saint-petersburg","0","16"
"https://daibilet.ru/events?category=EXCURSION","0","15"
"https://daibilet.ru/events/tc-69f8f1a3db068dfc41de8639-archi-archi-24-iyulya-nenavist-nizhnii-novgorod","0","15"
"https://daibilet.ru/events/tc-6a3e0a5531615ad0af9b1cad-ak-47-open-air-2026","0","15"
"https://daibilet.ru/locations/klub-bar-svoboda-679b66e04a9fbe6db4ec274b","0","15"
"https://daibilet.ru/events/koncert-hellouin-6a54c3bda240f52ba365e1ad","0","15"
"https://daibilet.ru/events/tc-6a332a70950b1a901af7c8a4-karaoke-myuzikl-verona","0","15"
"https://daibilet.ru/events/kiss-shou-v-the-right-place-6a6b6501be3489a96726db4c","0","15"
"https://daibilet.ru/blog/moskva-vechernie-diskoteki-shou","0","15"
"https://daibilet.ru/locations/ledovyi-dvorec-sporta-im-parysheva-5df8a58d321b864b297e5575","0","15"
"https://daibilet.ru/events/tc-6a2145c01b4984ec3db3d7cf-sulla-bolshoi-solnyi-koncert-moskva-eclipse-moon-28-08-26","0","15"
"https://daibilet.ru/kontserty/habarovsk","0","15"
"https://daibilet.ru/events/arktida-redkie-pesni-i-vse-hity-6a43e81b565641a84c5be4a0","0","15"
"https://daibilet.ru/venues/prostranstvo-kultury-chasovoi-zavod","0","15"
"https://daibilet.ru/venues/koncertnyi-zal-palazzo-6165a84af222c5098e486288","0","15"
"https://daibilet.ru/venues/cirk-shapito-fantastic-6a3bfc6f2ba44800485568c6","0","15"
"https://daibilet.ru/locations/ton71-64c26d9c1419591af4b87122","0","15"
"https://daibilet.ru/locations/kz-izmailovo-malyi-zal-6752eb88417c76a8dc3ef2ef","0","15"
"https://daibilet.ru/blog/koncerty-peterburg-osobnyak-klub-zal","0","15"
"https://daibilet.ru/venues/dvorec-kultury-imeni-v-n-leonova","0","15"
"https://daibilet.ru/cities/tomsk","0","15"
"https://daibilet.ru/venues/muzei-garri-pottera-hogvarts-holl-688e4e01a7c61ff02c5f6ca7","0","15"
"https://daibilet.ru/venues/stereo-people-653b79a2e4861daf578ef511","0","15"
"https://daibilet.ru/venues/urban","0","15"
"https://daibilet.ru/events/tc-69fdce58c60ea6fc6c03ca5d-ekskursiya-v-dom-uchenyh-vladimirskii-dvorec","0","15"
"https://daibilet.ru/locations/krasnoyarsk-ostrov-tatyshev","0","15"
"https://daibilet.ru/locations/krasnoyarsk-roev-ruchey","0","15"
"https://daibilet.ru/events/severnaya-veneciya-reki-i-kanaly-v-mini-gruppe-do-11-chelovek-6a2eba52f62dabc202a12428","0","15"
"https://daibilet.ru/events?tag=bad-weather-ok","0","14"
"https://daibilet.ru/help","0","14"
"https://daibilet.ru/events/tc-6a286bf97e16e918d4ccd2f5-spektakl-chto-tvoryat-muzhchiny-s-sergeem-astahovym-v-g-bataisk","0","14"
"https://daibilet.ru/events?category=%D0%AD%D0%BA%D1%81%D0%BA%D1%83%D1%80%D1%81%D0%B8%D0%B8","0","14"
"https://daibilet.ru/events/tc-6a43a7ba0d82b9e8131793c7-uletnye-vyhodnye-na-fan-zone-prityazheniya","0","14"
"https://daibilet.ru/events/tc-6a29d21bcb97d34ca8bb2203-festival-novogo-andegraunda-vnutri-goroda-2026","0","14"
"https://daibilet.ru/events/tc-6a3ed46dfcaf648b6246e51c-piter-pen-teper-vzroslye-eto-my","0","14"
"https://daibilet.ru/events/tc-69ecffa0764ed4d8bfb3a0f6-drugoi-fest-2026","0","14"
"https://daibilet.ru/events/tc-6a1823c3ffca47b17cb314b6-tolko-ne-govori-mame","0","14"
"https://daibilet.ru/venues/hosta-spot-dzhaz-klub","0","14"
"https://daibilet.ru/events/ekzotika-afterglow-6a4ff3a8cae0594767dc02b7","0","14"
"https://daibilet.ru/events/tc-6a1953fb8f18ede7970d16e1-anastasiya-vysockaya-ladynsax-2-oktyabrya-v-tomske","0","14"
"https://daibilet.ru/events/tc-6a4b9c04083471a2f02daf72-muzyka-kinoshedevrov-v-siyanii-tysyachi-svechei","0","14"
"https://daibilet.ru/landings/river-cruises/novosibirsk","0","14"
"https://daibilet.ru/cities/perm","0","14"
"https://daibilet.ru/venues/yaht-klub-k2-na-krestovskom-ostrove-77","0","14"
"https://daibilet.ru/venues/klub-artel","0","14"
"https://daibilet.ru/events/tc-6a18914498d1ea683420d64b-anna-asti-solnyi-koncert-shou-carica-v-g-ufa","0","14"
"https://daibilet.ru/locations/popravka-bar-61263f19632b9de5b2a7e27e","0","14"
"https://daibilet.ru/venues/tula-arena","0","14"
"https://daibilet.ru/venues/mts-live-holl-nizhnii-novgorod","0","14"
"https://daibilet.ru/locations/cirk-maksimus","0","14"
"https://daibilet.ru/events/tc-69eb7c6abb8f53f86daaa9b0-bushido-zho-v-sankt-peterburge","0","14"
"https://daibilet.ru/events/tc-6a421e136bd26138eeda9c46-tatarskaya-chak-chak-diskoteka-18","0","14"
"https://daibilet.ru/locations/kultura-concert-hall-62be9e267994d75ded772667","0","14"
"https://daibilet.ru/venues/pab-buldog","0","14"
"https://daibilet.ru/events/gosha-kucenko-i-gruppa-gk-69cb6f0eead9580a14481898","0","14"
"https://daibilet.ru/locations/cska-arena","0","14"
"https://daibilet.ru/locations/teplohod-rio-1-2026","0","14"
"https://daibilet.ru/events/tc-6a43bd86e8505e71d8189f48-balet-lebedinoe-ozero","0","14"
"https://daibilet.ru/events/tc-69c7d7ac72637fe0e9e278eb-interstellar-muzykalnoe-shou-v-planetarii-1","0","14"
"https://daibilet.ru/venues/werk-6016e1400b6ed8da22eaa0fe","0","14"
"https://daibilet.ru/events/tc-6a0384c99b396bd8d465cec1-volshebnye-miry-miyadzaki-muzykalnoe-shou-s-multimediinym-videoryadom","0","14"
"https://daibilet.ru/venues/dvorec-kultury-im-yu-a-gagarina","0","14"
"https://daibilet.ru/venues/muzei-magii","0","14"
"https://daibilet.ru/rechnye-progulki/nizhny-novgorod","0","14"
"https://daibilet.ru/events/obzornaya-ekskursiya-po-sankt-peterburgu-s-posescheniem-isaakievskogo-sobora-6a393d03202a7757862402c1","0","13"
"https://daibilet.ru/events/tc-6a438e04286bb88cf83a282c-21-iyulya-marko-mendoza-whitesnake-thin-lizzy-blue-murder-zhivaya-legenda-v-saratove","0","13"
"https://daibilet.ru/events/kaver-gruppa-6-chuvstvo-v-biker-s-bar-the-underground-pyatigorsk-6a54abf643bd49d5617aed89","0","13"
"https://daibilet.ru/events/zorka-7-08-pyatnica-6a564828a0a2aa38f074c11c","0","13"
"https://daibilet.ru/events/tc-69f4d3cb2cda302d42ff21e5-vhc-panteric-2026-profi","0","13"
"https://daibilet.ru/events/tc-6a211f23638ba0fdb9e50ae6-habarovsk-nigativ-15-oktyabrya-v-bare-agutin","0","13"
"https://daibilet.ru/events/tc-69f259e87d2e7337da7725fc-bolshoi-stendap-8-avgusta-21-30","0","13"
"https://daibilet.ru/events/tc-6a453ec3a71a7dd9e81793e9-tri-razvodnyh-mosta-razvod-mostov-ot-petrogradskoi-storony","0","13"
"https://daibilet.ru/locations/svoboda-6841ce760510f1f69aa27d82","0","13"
"https://daibilet.ru/events/tc-69d67ee6aa972e14022c8acb-aleksandr-egromzhan","0","13"
"https://daibilet.ru/locations/gelendzhik-arena-6617e4b1a5fa0b03d0dc29f6","0","13"
"https://daibilet.ru/events/tc-6a42cafeb255a3d22bc7e19f-gala-istoriya-muzy-salvadora-dali","0","13"
"https://daibilet.ru/venues/tri-topora-6506ffca269e8cc35a0f9289","0","13"
"https://daibilet.ru/events/interaktivnoe-semeinoe-shou-son-nayavu-6a676a7f6511a7c90a3bc9a8","0","13"
"https://daibilet.ru/venues/dk-teplovozostroitel","0","13"
"https://daibilet.ru/rechnye-progulki/samara/","0","13"
"https://daibilet.ru/events/uglystephan-6a6bd34960f1c41d7d2eec6c","0","13"
"https://daibilet.ru/locations/krytaya-krysha-univermaga-cvetnoi-5d8466a311138758cec65717","0","13"
"https://daibilet.ru/events/tc-6a14835cba3f2e67a637186d-muzei-garri-pottera","0","13"
"https://daibilet.ru/events/tc-6a08b027026d909c83399586-priklyucheniya-elektronikov","0","13"
"https://daibilet.ru/events/tc-6a148375ba3f2e67a6371969-muzei-garri-pottera","0","13"
"https://daibilet.ru/locations/restoran-pivovarnya-maks-broi-613c977666f206060cf292b3","0","13"
"https://daibilet.ru/events/immersivnyi-spektakl-pikovaya-dama-6a673f43b72b4c8f773bc9a4","0","13"
"https://daibilet.ru/events/tc-6a352d494ffb08477f357dc4-elitnyi-stendap","0","13"
"https://daibilet.ru/events/tc-6a3161b18bf096cf8e344257-tataro-bashkirskaya-chak-chak-diskoteka-18","0","13"
"https://daibilet.ru/events/koncert-gruppy-chernyi-kofe-6a6739f582ea711e0ac27797","0","13"
"https://daibilet.ru/venues/park-chudes-galileo","0","13"
"https://daibilet.ru/venues/dom-oficerov","0","13"
"https://daibilet.ru/venues/anglikanskaya-cerkov-svyatogo-andreya-st-andrews-anglican-church-576a16279cb53812e572c44a","0","13"
"https://daibilet.ru/kontserty/moskovskaya-oblast/","0","13"
"https://daibilet.ru/locations/kinokoncertnyi-zal-penza-56c196839cb5384142f20f1d","0","13"
"https://daibilet.ru/locations/vladivostok-ostrov-russkiy","0","13"
"https://daibilet.ru/venues/bar-restoran-douglas-duglas-5e46aba19eb4e5f547c1c669","0","13"
"https://daibilet.ru/events/tc-69ef79aadbd64fff6c6ff000-planetarii-1","0","13"
"https://daibilet.ru/blog/moscow-2-dnya-samostoyatelno-marshrut","0","13"
"https://daibilet.ru/locations/klub-kitaiskii-letchik-dzhao-da-66d8388ce285278dab023be3","0","13"
"https://daibilet.ru/events/tc-6a4272d4d7ee3c472f17973d-obzornaya-ekskursiya-po-sankt-peterburgu-s-posescheniem-petropavlovskoi-kreposti","0","13"
"https://daibilet.ru/events/tc-6a26be62007e93c2c8c239ff-spektakl-chto-tvoryat-muzhchiny-s-sergeem-astahovym-v-g-slavyansk-na-kubani","0","12"
"https://daibilet.ru/events/tc-69f861f089841620c5ee24fd-21-08-2026-samara-kostya-kulyasov-gr-animaciya-vse-hity-animaciya-online","0","12"
"https://daibilet.ru/locations/m-kropotkinskaya-vyhod-iz-metro-no2-u-restorana-il-patio-vas-vstretit-gid-s-tablichkoi-lyubimyi-gorod","0","12"
"https://daibilet.ru/events/tc-69a1717c1d4cdad2047019e9-ufa-akstar-koncertnyi-tur-vne-vremeni","0","12"
"https://daibilet.ru/events/bogemnyi-art-branch-porochnyi-peterburg-imperiya-18-6a5b39bef9b73ae651b6315b","0","12"
"https://daibilet.ru/events/hibla-gerzmava-bolshoi-letnii-koncert-programma-dzhaz-v-soprovozhdenii-bolshogo-dzhazovogo-orkestra-petra-vostokova-69ce3e3","0","12"
"https://daibilet.ru/events/tc-6a1595e9c7fdf6e72a25d7ca-moya-dorogaya-v-voronezhe-13-sentyabrya-2026","0","12"
"https://daibilet.ru/events/artur-pirozhkov-peretancui-menya-bolshoe-letnee-shou-v-zelenom-teatre-69f86dd2dabc7d345952b08f","0","12"
"https://daibilet.ru/events/tc-6a298697d4dc38a161304c97-shou-illyuzionistov-nikakih-sekretov","0","12"
"https://daibilet.ru/events/tc-69ee6641ed35d8bfe9f045ca-bolshoi-stendap-27-iyulya-20-00","0","12"
"https://daibilet.ru/events/tc-69f259624cf9a189e8ad7ac0-bolshoi-stendap-7-avgusta-19-00","0","12"
"https://daibilet.ru/events/moskovskoe-metro-7-stancii-7-chudes-6a5102ed2c0d76fbb4150016","0","12"
"https://daibilet.ru/events/system-of-a-down-tribute-chopsy-msk-69fdcf443a495301d484e10d","0","12"
"https://daibilet.ru/events/tc-6a0d7170d5532d878832fdf6-system-of-a-down-tribute-chopsy-msk","0","12"
"https://daibilet.ru/locations/teatr-parnas-6253497bd15e3c697b8ae78d","0","12"
"https://daibilet.ru/events/tc-6a147cea865aec5f31371ba9-muzei-garri-pottera","0","12"
"https://daibilet.ru/events/gansello-bolshoi-solnyi-koncert-6a15b0da60bfab1bb257140f","0","12"
"https://daibilet.ru/venues/klub-cult","0","12"
"https://daibilet.ru/locations/muzei-matreshki-696e1409f945800c9283c1e9","0","12"
"https://daibilet.ru/events/tc-6a39755cf44845ed3cae031e-muzyka-pri-svechah-velichaishaya-klassika","0","12"
"https://daibilet.ru/venues/ruinpab-tipografiya","0","12"
"https://daibilet.ru/cities/vladimir","0","12"
"https://daibilet.ru/locations/klub-kosmonavt-583ebddbd35286001504f465","0","12"
"https://daibilet.ru/locations/glavnaya-ploschad-sortavala-6a3ce01387d24596f16d2b29","0","12"
"https://daibilet.ru/venues/standup-store-moscow","0","12"
"https://daibilet.ru/venues/dvorec-kultury-imeni-gagarina","0","12"
"https://daibilet.ru/venues/restoran-kobzar","0","12"
"https://daibilet.ru/venues/dom-muzei-gogolya","0","12"
"https://daibilet.ru/venues/bar-restoran-douglas-duglas","0","12"
"https://daibilet.ru/peshie-ekskursii/moscow","0","12"
"https://daibilet.ru/cities/krasnoyarsk","0","12"
"https://daibilet.ru/privacy","0","11"
"https://daibilet.ru/cities/moskva","0","11"
"https://daibilet.ru/events/tc-6a4a9f0d417409e88dd176ff-lil-kidd-nizhnii-novgorod-09-08","0","11"
"https://daibilet.ru/events/kamazz-michurinsk-6a68c71c386091e8cce22985","0","11"
"https://daibilet.ru/events/tc-6a08d60c3aa2e7a8469953dc-bylinnyi-bereg-2026","0","11"
"https://daibilet.ru/events/tc-6a20f23b65c0f1dcc93a2245-myuzikl-tango-moya-zhizn","0","11"
"https://daibilet.ru/locations/bar-sovremennik-65aa8c2b0067c6ffb7a3fcc4","0","11"
"https://daibilet.ru/venues/mega-kruzhka","0","11"
"https://daibilet.ru/events/tc-69a6c12e9ba9042fb1f13f55-tyumen-akstar-koncertnyi-tur-vne-vremeni","0","11"
"https://daibilet.ru/events/tc-6a462a29899c9641f2a02862-zorka-x-it-s-good-to-be-a-tree-18-07-subbota","0","11"
"https://daibilet.ru/events/kai-metov-koncert-na-korable-1464","0","11"
"https://daibilet.ru/podborki/segodnya-vecherom/chelyabinsk","0","11"
"https://daibilet.ru/venues/koncert-pab-myasnoi-bro-65f1e2f0536e88261cefa45f","0","11"
"https://daibilet.ru/cities/odincovo","0","11"
"https://daibilet.ru/events/tc-6a148f55d0e2ae05d9b322d0-ilya-sobolev-poslesemochnyi-koncert-21-iyulya-19-00","0","11"
"https://daibilet.ru/locations/dk-im-i-v-okuneva-59afbdb6d35286001a17261b","0","11"
"https://daibilet.ru/venues/muzei-garri-pottera-hogvarts-holl","0","11"
"https://daibilet.ru/events/tc-6a438edba32e58ea2117991a-aivazovskii-ozhivshie-polotna","0","11"
"https://daibilet.ru/locations/mumii-troll-music-bar-619e5b64ea00f1d20616a529","0","11"
"https://daibilet.ru/locations/dom-muzei-echpochmaka-6764217cc0810840a0cd84fa","0","11"
"https://daibilet.ru/events/ekskursiya-na-dvuhetazhnom-avtobuse-g-kazan-1210","0","11"
"https://daibilet.ru/events/tc-6a439689dcabeb3879b6f2c4-solnechnaya-liniya","0","11"
"https://daibilet.ru/locations/penzenskaya-oblastnaya-filarmoniya-58ac41bfd35286001519770b","0","11"
"https://daibilet.ru/locations/milo-concert-hall-552322649cb5384154e028b2","0","11"
"https://daibilet.ru/stendap-i-yumor/tyumen","0","11"
"https://daibilet.ru/events/tc-6a3d004b1ba82c0b7b17389e-ekskursiya-v-osobnyak-staheeva","0","11"
"https://daibilet.ru/venues/klub-angar","0","11"
"https://daibilet.ru/venues/kdc-saturn","0","11"
"https://daibilet.ru/locations/dk-im-ya-uhsaya-598335c2515e35001ac74d59","0","11"
"https://daibilet.ru/venues/zelenyi-teatr","0","11"
"https://daibilet.ru/venues/jagger-club-5b2c774dd35286001daa6bdf","0","11"
"https://daibilet.ru/vecherinki-na-teplohode/saint-petersburg","0","11"
"https://daibilet.ru/events/tc-69c1226b80d5f6e8536a0fc6-poseschenie-smotrovoi-ploschadki-vyshe-tolko-lyubov-v-moskva-siti-0","0","11"
"https://daibilet.ru/events/ekskursiya-v-hram-vasiliya-blazhennogo-pokrovskii-sobor-6a5f5a41bd5dc46f42250332","0","11"
"https://daibilet.ru/events/tc-6a39346fd15df82997240557-obzornaya-ekskursiya-petropavlovskaya-krepost","0","11"
"https://daibilet.ru/locations/osobnyak-polovcova-6009628f4511049dd531795d","0","11"
"https://daibilet.ru/events/eksklyuzivnaya-ekskursiya-tainyi-peterburg-buddiiskii-hram-massony-dachi-grafov-i-stadion-na-kostyah-6a6770abe02de04ffa0d369e","0","11"
"https://daibilet.ru/events/tc-6a393d61202a7757862406f9-obzornaya-ekskursiya-po-sankt-peterburgu-s-posescheniem-isaakievskogo-sobora","0","11"
"https://daibilet.ru/events/ekskursiya-v-pushkin-carskoe-selo-s-posescheniem-liceya-6a5dc3d767f765b53b8183aa","0","11"
"https://daibilet.ru/events/cirk-shapito-hischnik-i-princessa-cirka-v-nevinnomysske-6a881c0b504291374a2817a6","0","10"
"https://daibilet.ru/events/tc-6a2128a89cfced81d2437089-nigativ-c-ansamblem-25-11-ekaterinburg-maksimilians","0","10"
"https://daibilet.ru/events/neoklassicheskii-koncert-kompozitora-denisa-stelmaha-v-irkutske-6a5b5f3a22df122781b0e622","0","10"
"https://daibilet.ru/events/tc-69f722847e8b35e18695081f-22-avgusta-festival-posledstviya-2k17-v-moskve","0","10"
"https://daibilet.ru/venues/restoran-perchini","0","10"
"https://daibilet.ru/events/tc-6a1d7601e0a5030e4ed4f2be-grad-ent-bolshoi-koncert-v-sankt-peterburge","0","10"
"https://daibilet.ru/events/tc-6a465fba5dbbae312e0c89a0-smena-sammer-indi-rok","0","10"
"https://daibilet.ru/events/neoklassicheskii-koncert-denisa-stelmaha-v-sankt-peterburge-6a5503ac714fcd4a80cd2178","0","10"
"https://daibilet.ru/venues/kowalski-club","0","10"
"https://daibilet.ru/events/tc-6a244d6424250c03c4e2470f-nurminskii-solnyi-koncert-kurgan-2-oktyabrya-harat-s-pub","0","10"
"https://daibilet.ru/venues/bastion-holl","0","10"
"https://daibilet.ru/locations/kulturnyi-centr-serdce-6501b9e177b2ac4cf3abbeea","0","10"
"https://daibilet.ru/venues/kievskii-sektor-b-37","0","10"
"https://daibilet.ru/locations/mts-live-holl-samara-eh-krc-zvezda-606ff1687efc2f270a875b89","0","10"
"https://daibilet.ru/events/tc-6a3e25d126d7d442c0706f3d-aleksei-vdovin-i-tabor","0","10"
"https://daibilet.ru/events/shou-illyuzionistov-nikakih-sekretov-6a588ed91a5855b4f5ccac69","0","10"
"https://daibilet.ru/events/tc-6a2a6aa9478e2e133deb398b-shou-illyuzionistov-nikakih-sekretov","0","10"
"https://daibilet.ru/events/hity-gruppy-kino-i-viktora-coya-ot-gruppy-kinohronika-iz-sankt-peterburga-6a6a003174d42bdecad558ae","0","10"
"https://daibilet.ru/events/yuliya-peresild-i-gruppa-mandragora-koncert-ko-dnyu-rozhdeniya-1503","0","10"
"https://daibilet.ru/venues/kdc-bronnicy","0","10"
"https://daibilet.ru/venues/art-club-ploschadka-63f5d16f528d9f6b60099150","0","10"
"https://daibilet.ru/kontserty/cheboksary","0","10"
"https://daibilet.ru/stendap-i-yumor/perm","0","10"
"https://daibilet.ru/locations/koncertnyi-zal-centralnogo-oficerskogo-kluba-vks-63429ede137b2e27807b9e20","0","10"
"https://daibilet.ru/locations/teplohod-rio-1-661e41620b8218df93a6b034","0","10"
"https://daibilet.ru/events/system-of-a-down-tribute-chopsy-msk-69fdc8a82300f3f7c4333169","0","10"
"https://daibilet.ru/locations/petrovskii-putevoi-dvorec-5cd1bf3d079a40000c1e0639","0","10"
"https://daibilet.ru/events/tc-69b31b682ecb08ce9ac9ab1d-rammstein-tribute-show","0","10"
"https://daibilet.ru/venues/dvorec-beloselskih-belozerskih-zerkalnyi-zal","0","10"
"https://daibilet.ru/events/tc-69c1213480d5f6e8536a052c-poseschenie-smotrovoi-ploschadki-vyshe-tolko-lyubov-v-moskva-siti-0","0","10"
"https://daibilet.ru/locations/teatr-pokolenii-636df94f91184a1b12f92b5b","0","10"
"https://daibilet.ru/venues/16-tonn-554111c09cb538793e6a3c37","0","10"
"https://daibilet.ru/locations/cirk-shapito-maska-na-peresechenii-ul-pechatnikov-i-ul-chasovoi-6a6030bac8b4c467e5fd9061","0","10"
"https://daibilet.ru/locations/dk-yunost-68d426d97e7f0d207661e5d7","0","10"
"https://daibilet.ru/events/tc-6a47b6ee554dc2885d4b0cbd-stendap-posle-zakata","0","10"
"https://daibilet.ru/venues/kabare-kafe-brodyachaya-sobaka","0","10"
"https://daibilet.ru/venues/ritm-blyuz-kafe-6291c7dc6b867f33f09498b4","0","10"
"https://daibilet.ru/locations/kitaiskii-letchik-dzhao-da-647504303a782472471855aa","0","10"
"https://daibilet.ru/venues/dvorec-kultury-salyut","0","10"
"https://daibilet.ru/events/razvodnye-mosty-peterburga-s-borta-teplohoda-68f8e07dfe1eee37434cbf3d","0","10"
"https://daibilet.ru/events/obzornaya-ekskursiya-po-sankt-peterburgu-s-posescheniem-ermitazha-6a5dcf43e33932113d818bba","0","10"
"https://daibilet.ru/events/tc-6a393db5202a775786240aa1-obzornaya-ekskursiya-po-sankt-peterburgu-s-posescheniem-isaakievskogo-sobora","0","10"
"https://daibilet.ru/events/stendap-po-zhenski-tverskaya-6a0dcd6d79bba12ee89b7e25","0","10"
"https://daibilet.ru/events/tc-69c3e349d85d086f7562166e-obzornaya-ekskursiya-petropavlovskaya-krepost","0","10"
"https://daibilet.ru/events/tc-6a172182e12fa44141b31ef8-reki-i-kanaly-obzornaya-vodnaya-progulka-po-sankt-peterburgu","0","10"
"https://daibilet.ru/podborki/c/perm","0","9"
"https://daibilet.ru/events/tc-6a43961c43cb8e43c4e589de-ya-zaplatil-chtoby-ne-byt-soboi","0","9"
"https://daibilet.ru/locations/kutezh-intelligentnyi-bar-668d4ba9957827f2137198d7","0","9"
"https://daibilet.ru/events/tc-6a2b9107bc0f5650047a71ec-oleg-gruz-dj-puza-tgk-h-17-oktyabrya-h-restoran-shipr-g-ulyanovsk","0","9"
"https://daibilet.ru/events/krasivyi-zakat-rozhdaetsya-zdes-the-om-na-kryshe-substance-6a4e94818edf758a03c08d97","0","9"
"https://daibilet.ru/events/koncert-dhira-6a6b6a954bf2785f4689d0d7","0","9"
"https://daibilet.ru/events/moskovskoe-metro-7-stancii-7-chudes-6a5102ec2c0d76fbb4150004","0","9"
"https://daibilet.ru/events/cirk-shapito-zvezdy-manezha-v-g-orenburg-6a893ffb9bde1c473c5b90b9","0","9"
"https://daibilet.ru/events/tc-6a4392bd4d70b3fe8f1795b7-zagadochnye-miry-ieronima-bosha-frida-kalo-neslomlennaya","0","9"
"https://daibilet.ru/locations/barrok-6571cd3c6a79f2b9bdf792ad","0","9"
"https://daibilet.ru/events/tc-6a429c9f0893de91e16cda07-fandom-night","0","9"
"https://daibilet.ru/events/tc-69c1212480d5f6e8536a04a2-poseschenie-smotrovoi-ploschadki-vyshe-tolko-lyubov-v-moskva-siti-0","0","9"
"https://daibilet.ru/events/ekskursiya-v-kitaiskii-park-huamin-6a5f5bb38b012380ff542be3","0","9"
"https://daibilet.ru/events/leprikonsy-6a58dbed71541f5de492e9bb","0","9"
"https://daibilet.ru/events/hibla-gerzmava-bolshoi-letnii-koncert-programma-klassika-v-soprovozhdenii-simfonicheskogo-orkestra-akademiya-russkoi-muzyki","0","9"
"https://daibilet.ru/events/tc-6a4eacb901606128df4c8d3f-dacha-reiv-by-molodost-prostit","0","9"
"https://daibilet.ru/events/tc-6a2f0b6f45040b5afce38fe4-anna-asti-solnyi-koncert-shou-carica-v-g-krasnodar","0","9"
"https://daibilet.ru/events/tc-6a018c9b79f015895cd9b6ec-cirk-karakat-shou-v-saratove-u-trc-happy-moll","0","9"
"https://daibilet.ru/events/tc-69f8a6e25611d4bcd74c2b39-archi-archi-11-iyulya-klub-fasol-g-novosibirsk","0","9"
"https://daibilet.ru/events/schenyachii-patrul-i-spasenie-prazdnika-interaktivnyi-spektakl-6a50d10fc412b7445514ffe2","0","9"
"https://daibilet.ru/events/tc-6a424a2969928bd275187944-denis-maidanov","0","9"
"https://daibilet.ru/locations/muzei-emalernogo-iskusstva-emalis-697688d695af243b87d3d73d","0","9"
"https://daibilet.ru/events/tc-69fc92793a13672583439aff-tatarskaya-chak-chak-diskoteka-18","0","9"
"https://daibilet.ru/locations/dk-ekspress-65c65207125c468653afd144","0","9"
"https://daibilet.ru/blog/muzyka-v-osobnyakah-spb","0","9"
"https://daibilet.ru/events/vecher-yumora-i-satiry-mihail-zhvaneckii-zadumchivyi-v-gorode-6a6dcff94a03637d3d240230","0","9"
"https://daibilet.ru/venues/restoran-mukka-6a0ac9b290e7dd8544ec3092","0","9"
"https://daibilet.ru/venues/music-hall-27","0","9"
"https://daibilet.ru/stendap-i-yumor/ekaterinburg","0","9"
"https://daibilet.ru/venues/restoran-krysha-18","0","9"
"https://daibilet.ru/locations/mts-live-holl-voronezh-5655c5be9cb5382e8462e6da","0","9"
"https://daibilet.ru/events/tc-6a438eb3a32e58ea21179787-aivazovskii-ozhivshie-polotna","0","9"
"https://daibilet.ru/locations/dom-molodezhi-5e4ce4cec96f5455528bc749","0","9"
"https://daibilet.ru/venues/mau-dvorec-kultury-vidnoe","0","9"
"https://daibilet.ru/venues/harat-s-pub","0","9"
"https://daibilet.ru/locations/klub-glastonberry-557c82c89cb53870bca56b50","0","9"
"https://daibilet.ru/events/spektakl-chto-tvoryat-muzhchiny-s-sergeem-astahovym-v-buturlinovke-6a5bab1924f681348dc47e0e","0","9"
"https://daibilet.ru/venues/kolizei","0","9"
"https://daibilet.ru/venues/dk-rgsu-5a159b08d35286001a228685","0","9"
"https://daibilet.ru/cities/izhevsk","0","9"
"https://daibilet.ru/events/tc-6a42268bb8c414bb7c29d1ca-andergraund-stendap-koncert","0","9"
"https://daibilet.ru/venues/dk-chaika","0","9"
"https://daibilet.ru/events/tc-69c1214180d5f6e8536a059f-poseschenie-smotrovoi-ploschadki-vyshe-tolko-lyubov-v-moskva-siti-0","0","9"
"https://daibilet.ru/events/tc-69e969bcaaa9d3f69567d39b-veseloe-muzykalnoe-loto","0","9"
"https://daibilet.ru/venues/opera","0","9"
"https://daibilet.ru/blog/spb-planetarium-gid","0","9"
"https://daibilet.ru/events/po-dvoram-i-paradnym-peterburga-personalnaya-ekskursiya-69e68872d638cfaaca67da95","0","9"
"https://daibilet.ru/events/tc-68fb67894f54730674e948b9-severnaya-veneciya-reki-i-kanaly-v-mini-gruppe-do-11-chelovek","0","9"
"https://daibilet.ru/events/tc-6a286ec67e16e918d4ccd52a-spektakl-chto-tvoryat-muzhchiny-s-sergeem-astahovym-v-g-belaya-kalitva","0","8"
"https://daibilet.ru/events/tc-6a278a69b3d30ae7e4bc268e-oleg-gruz-dj-puza-tgk-h-12-sentyabrya-h-g-kurgan","0","8"
"https://daibilet.ru/events/eduard-husnutdinov-v-magnitogorske-2026-6a5df91a27fad19e1ec52723","0","8"
"https://daibilet.ru/events/tc-69f25cfe9aa0f07c93629b6d-bolshoi-stendap-18-avgusta-21-00","0","8"
"https://daibilet.ru/events/tc-6a3cdbda5ac2fefed32406d0-ekskursiya-v-galereyu-zolotoi-vek-sssr-iskusstvo-epohi-muzei-zhivopisca-borisa-semenova","0","8"
"https://daibilet.ru/events/usluga-transfera-4-etap-smp-f4-6a6cc7f7a0b33884c4d917cb","0","8"
"https://daibilet.ru/locations/petrovskaya-naberezhnaya","0","8"
"https://daibilet.ru/events/tc-6a26c57290cb2d27868c7722-anastasiya-vysockaya-ladynsax-21-oktyabrya-v-omske","0","8"
"https://daibilet.ru/events/nochnaya-kazan-tancevalnyi-kruiz-18-1367","0","8"
"https://daibilet.ru/events/zorka-24-07-pyatnica-6a4fdab0138d124ebd56b373","0","8"
"https://daibilet.ru/events?city=%D0%A1%D0%B0%D0%BD%D0%BA%D1%82-%D0%9F%D0%B5%D1%82%D0%B5%D1%80%D0%B1%D1%83%D1%80%D0%B3&amp;category=%D0%AD%D0%BA%D1%81%D0%BA%D1%83%D1%80%D1%81%D0%B8%D0%B8&amp;page=3","0","8"
"https://daibilet.ru/events?sort=popular&amp;maxPrice=0&amp;page=3","0","8"
"https://daibilet.ru/events/cirk-shapito-feniks-v-g-ryazan-6a82f1fca6b27057b0a72851","0","8"
"https://daibilet.ru/venues/kupol-volga-plaza","0","8"
"https://daibilet.ru/events/kinopokaz-v-sadu-dnevnik-pamyati-2004-6a59e5f53a2b51ab823b3698","0","8"
"https://daibilet.ru/venues/bylinnyi-bereg-6a08d58f3d6850f0bdb4334f","0","8"
"https://daibilet.ru/events/islam-itlyashev-18-oktyabrya-v-saratove-6a6afb4966f4656b30fb2145","0","8"
"https://daibilet.ru/events/plamenev-smolensk-6a5e674e74286ab94647a871","0","8"
"https://daibilet.ru/events/tc-6a2044612d13df6e2ee1a71b-muzei-musora-kaliningrad","0","8"
"https://daibilet.ru/locations/bar-agutin-625ef3f5bf2ad999aa55b271","0","8"
"https://daibilet.ru/events/vecher-pamyati-v-coya-14-avgusta-novosibirsk-6a678610224ccec83b4b1844","0","8"
"https://daibilet.ru/events/tc-6a4a344a9150599c0d3083be-burlesk-shou-golden-muse","0","8"
"https://daibilet.ru/events/nextime-6a6c8085336e8d94a2d9456f","0","8"
"https://daibilet.ru/events/valentin-sidorov-stendap-koncert-2-avgusta-18-30-6a596d72f48fd2c57569e148","0","8"
"https://daibilet.ru/events/vzaimno-fest-festival-kommunikacii-6a4fa7649722ae8fba5fe26a","0","8"
"https://daibilet.ru/events/tc-69f25d2ff0f916d57c56cc7d-bolshoi-stendap-19-avgusta-21-00","0","8"
"https://daibilet.ru/locations/hogvarts-holl-5db9a344a3a2e74c41cec111","0","8"
"https://daibilet.ru/rechnye-progulki/yaroslavl/","0","8"
"https://daibilet.ru/locations/art-prostranstvo-siyanie-69cbbe8a5e6072d3c52d3e24","0","8"
"https://daibilet.ru/venues/dk-gaz","0","8"
"https://daibilet.ru/locations/klub-dom-pechati-5ae8accb519f7b001609bb24","0","8"
"https://daibilet.ru/events/tc-6a1d73ca2a1bea8ad042a816-solnyi-stendap-koncert-vani-usovicha","0","8"
"https://daibilet.ru/venues/raionnyi-dom-kultury-rdk","0","8"
"https://daibilet.ru/venues/dom-pechati","0","8"
"https://daibilet.ru/cities/omsk","0","8"
"https://daibilet.ru/events/tc-699c76c5bcfc0ae83b9590dc-mavzolei-lenina-tainy-kremlevskogo-nekropolya","0","8"
"https://daibilet.ru/events/tc-69ea316601fea428bf3b2d81-scorpions-tribute","0","8"
"https://daibilet.ru/events/tc-69e969b9aaa9d3f69567d348-veseloe-muzykalnoe-loto","0","8"
"https://daibilet.ru/blog/chto-poslushat-jazz","0","8"
"https://daibilet.ru/venues/depo-69f3af9d9f003040fd8095f2","0","8"
"https://daibilet.ru/venues/dk-im-v-i-lenina","0","8"
"https://daibilet.ru/events/tc-69ef7980dbd64fff6c6fee94-planetarii-1","0","8"
"https://daibilet.ru/events/improvizacionnoe-shou-iz-moskvy-6a6c4c4aacb18dc6244114a4","0","8"
"https://daibilet.ru/locations/kaliningrad-kafedral-nyy-sobor","0","8"
"https://daibilet.ru/venues/galereya-iskusstv-niko","0","8"
"https://daibilet.ru/venues/immersivnyi-teatr-morfeus","0","8"
"https://daibilet.ru/events/tc-6950f65e1c6ab0443c72cb95-osobnyak-brusnicynyh","0","8"
"https://daibilet.ru/events/tc-69c1219580d5f6e8536a087f-poseschenie-smotrovoi-ploschadki-vyshe-tolko-lyubov-v-moskva-siti-0","0","8"
"https://daibilet.ru/events/tc-69c3e30bd85d086f75621418-obzornaya-ekskursiya-petropavlovskaya-krepost","0","8"
"https://daibilet.ru/events/tc-6a393d7a202a775786240819-obzornaya-ekskursiya-po-sankt-peterburgu-s-posescheniem-isaakievskogo-sobora","0","8"
"https://daibilet.ru/events/tc-6a393523d15df82997240bb0-obzornaya-ekskursiya-petropavlovskaya-krepost","0","8"
"https://daibilet.ru/events/tc-69c3e356d85d086f756216f0-obzornaya-ekskursiya-petropavlovskaya-krepost","0","8"
"https://daibilet.ru/events/tc-6a393ebb202a775786241671-obzornaya-ekskursiya-po-sankt-peterburgu-s-posescheniem-isaakievskogo-sobora","0","8"
"https://daibilet.ru/stendap-i-yumor","0","7"
"https://daibilet.ru/venues/lisii-dk-69495de0e952630a0e9f5208","0","7"
"https://daibilet.ru/events/andrei-kartavcev-moskva-11-oktyabrya-6a5f5d24bd5dc46f42250437","0","7"
"https://daibilet.ru/events/tc-6a47cb5017e22bc1cd5cb878-invite-defide","0","7"
"https://daibilet.ru/events/tc-6a31392de76e087b99b4d1d5-tur-po-pivovarne-zagovor","0","7"
"https://daibilet.ru/events/srub-12-sentyabrya-sankt-peterburg-6a6a1162b9dc1a57c3874fff","0","7"
"https://daibilet.ru/events/tc-69ee67cf1365e604198e6325-bolshoi-stendap-31-iyulya-21-30","0","7"
"https://daibilet.ru/events/tc-6a3e892d6a186df56329d1c9-festival-indi-na-vode","0","7"
"https://daibilet.ru/locations/batumi-tennis-club-657c1510da11fb43ed1ece3f","0","7"
"https://daibilet.ru/podborki/na-vyhodnye/ryazan","0","7"
"https://daibilet.ru/events/belfest-6a60b7d589cf13a69e5b5956","0","7"
"https://daibilet.ru/events/tc-6a420a1c3c7f41bb251920c1-nurminskii-vladivostok-7-noyabrya-agutin-music-bar","0","7"
"https://daibilet.ru/events/tc-6a453f33a71a7dd9e8179908-tri-razvodnyh-mosta-razvod-mostov-ot-petrogradskoi-storony","0","7"
"https://daibilet.ru/events/anna-lukaschuk-poeticheskii-vecher-6a607208d50f347f552ee77c","0","7"
"https://daibilet.ru/events/tc-69f25e94c882f272258f75ac-bolshoi-stendap-29-avgusta-21-30","0","7"
"https://daibilet.ru/events/5diez-6956da338d4bcfcc9736aa17","0","7"
"https://daibilet.ru/events/tc-6a0b7109ac25fc2241294898-dima-gavrilov-zhivoi-podkast-19-iyulya-21-30","0","7"
"https://daibilet.ru/events/tc-6a3bbc8b78fb6e98b319d8a5-tvoe-daleko-leto-vo-dvore","0","7"
"https://daibilet.ru/events/tc-69f8fa98ba4f81ba9ae99bd9-archi-archi-25-iyulya-klub-ceh-g-vladimir","0","7"
"https://daibilet.ru/events/tc-6a31b6b79ae420601e0b3d74-nurminskii-solnyi-koncert-nizhnii-tagil-4-oktyabrya-bar-gora","0","7"
"https://daibilet.ru/events/zoosad-ekzotik-park-v-rostove-na-donu-6a670b733a72acc027b25d95","0","7"
"https://daibilet.ru/events/immersivnyi-fashion-spektakl-imyarek-6a5a6ecd21155fb0dfc4d98d","0","7"
"https://daibilet.ru/events/stanislav-drobyshevskii-lekciya-na-teplohode-uho-zhabroi-ne-isportish-6a6b58c4334f316560bfd08d","0","7"
"https://daibilet.ru/locations/m-mayakovskaya-barrikadnaya-67f680712b0a0e187ed0f2c8","0","7"
"https://daibilet.ru/locations/prichal-nab-reki-karpovki-u-pamyatnika-medikam-59-967718-30-315967-69ea462f566e634e79abe02d","0","7"
"https://daibilet.ru/events/tc-6a0b36c73bd65817d7df3fe9-white-sunset-boat-trip","0","7"
"https://daibilet.ru/events/lyubit-salvadora-6a6b79595ee3344d3e8863f8","0","7"
"https://daibilet.ru/events/tc-69ee676e1365e604198e6317-bolshoi-stendap-31-iyulya-19-00","0","7"
"https://daibilet.ru/venues/kitai-gorod-ustinskii-sektor-b-41","0","7"
"https://daibilet.ru/events/misticheskii-spektakl-vii-pod-zvezdnym-nebom-reiting-sobytiya-9-0-6a4a3333b1d0478f1c13f1a7","0","7"
"https://daibilet.ru/events/tc-69a0ad349b61ba0dc62f15e7-neverlove-last-tour","0","7"
"https://daibilet.ru/events/tc-69ee6589ed35d8bfe9f04570-bolshoi-stendap-25-iyulya-19-00","0","7"
"https://daibilet.ru/venues/bastion-holl-69d7ce164cd3229850954855","0","7"
"https://daibilet.ru/events/pesni-veni-drkina-apeks-29-let-spustya-voronezh-1-oktyabrya-6a54b7ce04281f66fbcf40d4","0","7"
"https://daibilet.ru/events/tc-6a273aaac54511adaf909ab2-maksim-evdokimov-stendap-koncert-23-avgusta-18-30","0","7"
"https://daibilet.ru/locations/homie-bar-61016d64ad609c06affcd90a","0","7"
"https://daibilet.ru/venues/dkio-im-v-a-degtyareva","0","7"
"https://daibilet.ru/ekskursii/moscow","0","7"
"https://daibilet.ru/events/tc-6a424ecabbc9e075799bd04f-muzei-filinov-i-sov-filosoviya","0","7"
"https://daibilet.ru/events/flagman-ni-kogda-ne-spit-vechernyaya-progulka-s-disco-po-moskva-reke-na-dizainerskom-teplohode-flagman-ot-prichala-kievskii","0","7"
"https://daibilet.ru/events/led-zeppelin-shou-v-the-right-place-6a5a5123ad265a670e43ba6a","0","7"
"https://daibilet.ru/venues/koncert-holl-cenzura","0","7"
"https://daibilet.ru/events/shou-illyuzionistov-nikakih-sekretov-6a590c3ef975f923c142034c","0","7"
"https://daibilet.ru/events/tc-6a172403a02418fce70ce313-festival-peschanyh-skulptur","0","7"
"https://daibilet.ru/locations/manya-bar-67aa2d4524db4280463026be","0","7"
"https://daibilet.ru/locations/muzeinyi-kompleks-verhnyaya-pyshma-69ce61cbda2cf85a00abb80d","0","7"
"https://daibilet.ru/events/arktida-bolshoi-solnyi-koncert-69baa117eae326c0bd3e5438","0","7"
"https://daibilet.ru/locations/rok-bar-bah-61a85efb372d5d97ec80c1ed","0","7"
"https://daibilet.ru/venues/lyuteranskaya-cerkov-sv-ekateriny","0","7"
"https://daibilet.ru/venues/lastochka-malyi-zal","0","7"
"https://daibilet.ru/venues/leningrad","0","7"
"https://daibilet.ru/venues/dk-energetik","0","7"
"https://daibilet.ru/events/tc-6a3c4d98d46d3a21c3245ff8-mocart-rekviem","0","7"
"https://daibilet.ru/events/tc-69c7d860bb0820fce56e615d-interstellar-muzykalnoe-shou-v-planetarii-1","0","7"
"https://daibilet.ru/venues/base","0","7"
"https://daibilet.ru/venues/16-tonn-arbat","0","7"
"https://daibilet.ru/venues/dk-zheleznodorozhnikov-59db4a2f519f7b001bd790f9","0","7"
"https://daibilet.ru/events/tc-6a393486d15df82997240627-obzornaya-ekskursiya-petropavlovskaya-krepost","0","7"
"https://daibilet.ru/events/razvodnye-mosty-peterburga-s-borta-teplohoda-68f8e078fe1eee37434cbf07","0","7"
"https://daibilet.ru/locations/ruki-vverh-bar-619fb565307459ca4cf50994","0","7"
"https://daibilet.ru/events/tc-6a3d1129494bebe6a73d316b-stendap-koncert-luchshie-shutki","0","7"
"https://daibilet.ru/venues/leningrad-63b1826ad98edcdb52c5b9bc","0","7"
"https://daibilet.ru/events/vadim-postilnyi-solnyi-stendap-koncert-6a564bee6241bca373f59ce0","0","7"
"https://daibilet.ru/events/tc-69d517696096e59c484c2e8e-zolotoe-kolco-peterburga","0","7"
"https://daibilet.ru/locations/prichal-zaharkovo","0","7"
"https://daibilet.ru/locations/kitai-gorod-ustinskii-sektor-a-9","0","7"
"https://daibilet.ru/locations/kafedralnyi-sobor-sv-petra-i-pavla-petrikirhe-595eba63515e350015dff9ef","0","7"
"https://daibilet.ru/venues/oranzhereya-tavricheskogo-sada-5dbb038b181410abd3cc7996","0","7"
"https://daibilet.ru/locations/stereopeople-64e72392cc4836a5df632812","0","7"
"https://daibilet.ru/events/na-kinostudiyu-lenfilm-6a86cebbe98496611500e8cb","0","7"
"https://daibilet.ru/blog/sankt-peterburg-3-dnya-samostoyatelno","0","7"
"https://daibilet.ru/events/tc-6a171f736343aeeb0d0ce120-severnaya-veneciya-reki-i-kanaly-v-mini-gruppe-do-11-chelovek","0","7"
"https://daibilet.ru/events/tc-6a393372b6b70fed74240915-obzornaya-ekskursiya-po-sankt-peterburgu-s-posescheniem-ermitazha","0","7"
"https://daibilet.ru/events/tc-69e8e25f002beb4cb067d584-ekskursiya-v-pushkin-byvshee-carskoe-selo-s-posescheniem-liceya","0","7"
"https://daibilet.ru/blog","0","6"
"https://daibilet.ru/events/tc-6a109305c0aef9549b2641a4-kolenka-hamyanov-stendap-koncert-26-iyulya-19-00","0","6"
"https://daibilet.ru/events/tc-69f25bb59aa0f07c93629b31-bolshoi-stendap-14-avgusta-21-30","0","6"
"https://daibilet.ru/events/tc-6a462f3e899c9641f2a02b20-kvartirnik-po-francuzski-pri-svechah","0","6"
"https://daibilet.ru/events/pesochnica-21-6a574d4425793becbc3560d4","0","6"
"https://daibilet.ru/events/tc-6a1064856ddea2d1684e5593-v-svechah-dzhaz-v-osobnyake-polovcova","0","6"
"https://daibilet.ru/events/kaver-gruppa-6-chuvstvo-v-biker-s-bar-the-underground-pyatigorsk-6a54aae5ecb8a97c71f21481","0","6"
"https://daibilet.ru/locations/walk-of-fame-6a47da55e0d41d24a660ed78","0","6"
"https://daibilet.ru/moscow/den-goroda","0","6"
"https://daibilet.ru/events/tc-6a3a56d22dd244d955a20e96-sergei-nihaenko-solnoe-shou-puteshestvie-po-stanciyam-pesnyam-zhivoi-zvuk-balet-metafora-vagonov","0","6"
"https://daibilet.ru/events/tc-6a3ac8270e9d4ac6d9246007-alena-eto-yana-stendap-v-pab-357","0","6"
"https://daibilet.ru/events/ekskursiya-na-dvuhetazhnom-avtobuse-po-sisteme-hop-on-hop-off-g-sankt-peterburg-769","0","6"
"https://daibilet.ru/events/tc-696a8fc4c7cf408f0f0ccd9d-neveroyatnyi-koncert-gruppy-kino","0","6"
"https://daibilet.ru/events/tc-6a03fd76a6d9168edae36714-muzykalnye-koncerty-na-zakate-posredi-nevy","0","6"
"https://daibilet.ru/legal","0","6"
"https://daibilet.ru/events/diskoteka-90-h-i-2000-h-na-kryshe-poem-i-tancuem-vmeste-s-gruppoi-persona-6a69d63da182690c4a96a434","0","6"
"https://daibilet.ru/events/5diez-6956dc35daba6907b77f886e","0","6"
"https://daibilet.ru/events/asa-207-6a5fc24c37e27df2b943ac88","0","6"
"https://daibilet.ru/events/tc-69e60aee58c3da73feb6ccc7-simfonicheskoe-shou-pri-svechah-muzyka-svobody-legendy-russkogo-roka","0","6"
"https://daibilet.ru/events/tc-6a492791208914bd35b6ac88-18-07-v-17-00-ufa","0","6"
"https://daibilet.ru/events/tc-6a4e524e1bdb743fa85acef0-pesni-veni-drkina-apeks-29-let-spustya-moskva-3-10-2026","0","6"
"https://daibilet.ru/events/tc-6a3105f4903600f480af950d-gde-moi-2008-treff8","0","6"
"https://daibilet.ru/events?category=%D0%A0%D0%B0%D0%B7%D0%B2%D0%BB%D0%B5%D1%87%D0%B5%D0%BD%D0%B8%D1%8F&amp;maxPrice=0&amp;page=3","0","6"
"https://daibilet.ru/events/tc-6a46bacf8569a4c9a415a030-solnyi-koncert-dory-v-nizhnem-novgorode","0","6"
"https://daibilet.ru/events/tc-6a1c998990d7185a5a383918-billy-s-band","0","6"
"https://daibilet.ru/events/tc-6a3be265dfe1015cae42e5d5-alena-eto-yana-stendap-v-feromon-grazhdanka","0","6"
"https://daibilet.ru/events/vasilii-urievskii-v-tomske-6a67c6720053662176f41a7b","0","6"
"https://daibilet.ru/locations/bar-vinograd-625ed55b5ad1612f2ed0410b","0","6"
"https://daibilet.ru/events/tc-6a496aeebf2c782afd1793d5-kofe-reiv-s-komikami","0","6"
"https://daibilet.ru/venues/teatr-nikolaya-zaharova-v-svetlogorske","0","6"
"https://daibilet.ru/events/neoklassicheskii-koncert-kompozitora-denisa-stelmaha-v-kazani-6a5104c3cfabc3ee7f34c6be","0","6"
"https://daibilet.ru/venues/gorodskoi-prichal-universitetskaya-nab-13-60ad083cdc935ef30aaa67d6","0","6"
"https://daibilet.ru/events/tc-6a219d67f635e575905bbc1d-semeinoe-shou-koni-sveta","0","6"
"https://daibilet.ru/avtobusnye-ekskursii/ekaterinburg/","0","6"
"https://daibilet.ru/venues/bar-agutin-625ef3f5bf2ad999aa55b271","0","6"
"https://daibilet.ru/venues/klub-ritmy","0","6"
"https://daibilet.ru/events/lizer-4-oktyabrya-barnaul-6a5e51c677f4ccd482087239","0","6"
"https://daibilet.ru/events/krematorii-koncert-na-korable-6a465af80c40737718359672","0","6"
"https://daibilet.ru/venues/restoklub-gosti","0","6"
"https://daibilet.ru/venues/angliiskaya-naberezhnaya-54-passazhirskii-terminal","0","6"
"https://daibilet.ru/events/tc-6a1fdc5c4d329136b4cc198d-aleksei-saprykin-chtenie","0","6"
"https://daibilet.ru/locations/bar-cpr-6a4931f2ff3ccc140c28d111","0","6"
"https://daibilet.ru/events/tc-6a0b7261ac25fc22412948d0-nastya-venevitina-stendap-koncert-31-iyulya-19-00","0","6"
"https://daibilet.ru/venues/efir-6a48b2198452b40f40f9f367","0","6"
"https://daibilet.ru/events/koncert-magicheskaya-vselennaya-garri-pottera-6a54c3633a4b8005e7d44534","0","6"
"https://daibilet.ru/stendap-i-yumor/cheboksary","0","6"
"https://daibilet.ru/venues/action-club-ex-backstage","0","6"
"https://daibilet.ru/events/rock-of-ages-dj-konstantin-mihailov-6a575d3c5345b9752bf07e15","0","6"
"https://daibilet.ru/events/tc-6a40722bb2b6e935b2ba1939-nani-eva","0","6"
"https://daibilet.ru/events/vertinskii-spektakl-koncert-6a51dc7356f9d725a3f8faeb","0","6"
"https://daibilet.ru/locations/the-rock-bar-small-stage-6513d67a9a8c93c812ee850a","0","6"
"https://daibilet.ru/events/tc-68f8e091fe1eee37434cc027-razvodnye-mosty-peterburga-s-borta-teplohoda","0","6"
"https://daibilet.ru/events/tc-6a453e96a0a630afc94b0ccb-osho-chakrovoe-dyhanie-dinamicheskie-meditacii-v-izmailovskom","0","6"
"https://daibilet.ru/kontserty/yaroslavl","0","6"
"https://daibilet.ru/locations/muk-dk-im-lepse-632c49ef58796b61d00011b0","0","6"
"https://daibilet.ru/events/tc-6a2176557975999a8ac4c3b4-the-dartz-bolshoi-letnii-koncert","0","6"
"https://daibilet.ru/events/tc-69f25a513756d4c524824987-bolshoi-stendap-9-avgusta-21-00","0","6"
"https://daibilet.ru/locations/dk-orbita-6262b3ad80275528a91d058e","0","6"
"https://daibilet.ru/podborki/segodnya-vecherom/cheboksary","0","6"
"https://daibilet.ru/events/tc-6a1483b8ba3f2e67a6371bdf-muzei-garri-pottera","0","6"
"https://daibilet.ru/events/tc-6a438edda32e58ea21179934-aivazovskii-ozhivshie-polotna","0","6"
"https://daibilet.ru/podborki/segodnya-vecherom/stavropol","0","6"
"https://daibilet.ru/venues/ksk-ekspress","0","6"
"https://daibilet.ru/avtobusnye-ekskursii/nizhny-novgorod/","0","6"
"https://daibilet.ru/events/shou-illyuzionistov-nikakih-sekretov-6a5dd6e327975d2b47fe6a0f","0","6"
"https://daibilet.ru/events/tc-6a2a68026f3b91f718e996db-burlesk-kabare-shou-madam-bum","0","6"
"https://daibilet.ru/cities/tolyatti","0","6"
"https://daibilet.ru/events/vremena-goda-astora-pyaccolly-6a50a26bdf482931dce56afa","0","6"
"https://daibilet.ru/venues/fish-fabrique","0","6"
"https://daibilet.ru/events/tc-6a4cb00e64793e0b5e6a5d8c-zhenskii-stendap-koncert","0","6"
"https://daibilet.ru/locations/kaliningrad-dyuna-efa","0","6"
"https://daibilet.ru/locations/dk-rossiya-5daaf73759e939205a06fde4","0","6"
"https://daibilet.ru/events/tc-6a3cfe39cb1bebe985096117-ekskursiya-v-osobnyak-staheeva","0","6"
"https://daibilet.ru/venues/admiralteiskaya-nab-10-45","0","6"
"https://daibilet.ru/kontserty/omsk","0","6"
"https://daibilet.ru/locations/stand-up-club-kazan-5cb4c16c3d0e4c000ce85bb3","0","6"
"https://daibilet.ru/events/tc-699c76cbbcfc0ae83b959124-mavzolei-lenina-tainy-kremlevskogo-nekropolya","0","6"
"https://daibilet.ru/locations/kafe-baloven-5f21724b1317f3cc5d7a60a1","0","6"
"https://daibilet.ru/venues/m-vdnh-66212f8077bdbd90241d0c55","0","6"
"https://daibilet.ru/events/tc-69c677a868dee94348290b23-linkin-park-guano-apes-system-of-a-down-tribute-moskva","0","6"
"https://daibilet.ru/venues/voronezhskii-gosudarstvennyi-teatr-opery-i-baleta-57a080ef9cb5385b5bed1b65","0","6"
"https://daibilet.ru/venues/prichal-zaharkovo","0","6"
"https://daibilet.ru/events/tc-6a393475d15df8299724058b-obzornaya-ekskursiya-petropavlovskaya-krepost","0","6"
"https://daibilet.ru/venues/luna-2077","0","6"
"https://daibilet.ru/venues/grafit-dvor","0","6"
"https://daibilet.ru/venues/kdc-moskovskii","0","6"
"https://daibilet.ru/events/vecherinka-na-korable-alye-parusa-na-vode-1482","0","6"
"https://daibilet.ru/locations/naberezhnaya-makarova-28-6a3149dff03e72291b46ef3c","0","6"
"https://daibilet.ru/events/tc-6a3d10785cfe097f2dabc109-stendap-koncert-luchshie-shutki","0","6"
"https://daibilet.ru/events/ekskursiya-po-osobnyaku-myasnikova-6a6cb2dab920c3a7525c2517","0","6"
"https://daibilet.ru/venues/usadba-kuskovo-portretnaya-galereya-bolshoi-kamennoi-oranzherei","0","6"
"https://daibilet.ru/events/tc-68f8e089fe1eee37434cbfcd-razvodnye-mosty-peterburga-s-borta-teplohoda","0","6"
"https://daibilet.ru/events/tc-6971f7958dcc64d564af3e2c-na-kinostudiyu-lenfilm","0","6"
"https://daibilet.ru/events/levan-lomidze-i-ego-gruppa-6a60e6b226237c9342775cd8","0","6"
"https://daibilet.ru/novyj-god/rostov-on-don/","0","6"
"https://daibilet.ru/events/muzykalnyi-dzhazovyi-vecher-na-dvuhpalubnom-teplohode-magiya-muzyki-i-vod-peterburga-2-chasovoi-kruiz-s-zhivoi-muzykoi-i-vid","0","6"
"https://daibilet.ru/neobychnye-teatry/saint-petersburg","0","6"
"https://daibilet.ru/blog/nizhny-novgorod-za-24-chasa","0","6"
"https://daibilet.ru/events/tc-68fb67e14f54730674e94b77-severnaya-veneciya-reki-i-kanaly-v-mini-gruppe-do-11-chelovek","0","6"
"https://daibilet.ru/events/tc-6a427328d7ee3c472f179acb-obzornaya-ekskursiya-po-sankt-peterburgu-s-posescheniem-petropavlovskoi-kreposti","0","6"
"https://daibilet.ru/events/tc-6a4272d1d7ee3c472f179716-obzornaya-ekskursiya-po-sankt-peterburgu-s-posescheniem-petropavlovskoi-kreposti","0","6"
"https://daibilet.ru/events/tc-6a4272cdd7ee3c472f1796e2-obzornaya-ekskursiya-po-sankt-peterburgu-s-posescheniem-petropavlovskoi-kreposti","0","6"
"https://daibilet.ru/cities/arhangelsk","0","6"
"https://daibilet.ru/events/tc-6a1721fce12fa44141b32400-reki-i-kanaly-obzornaya-vodnaya-progulka-po-sankt-peterburgu","0","6"
"https://daibilet.ru/events/tc-6a393d28202a775786240471-obzornaya-ekskursiya-po-sankt-peterburgu-s-posescheniem-isaakievskogo-sobora","0","6"
