"path","records","cities"
"/venues/klub-big-ben","2","тверь"
"/venues/planetarii-1","2","санкт-петербург;нижнии-новгород"
"/venues/comedy-hub-club","2","moskva"
"/venues/kultura-concert-hall","2","волгоград"
"/venues/dom-pechati","2","тюмень;уфа"
"/venues/svoboda-koncert-holl","2","екатеринбург;пермь"
"/venues/bolshoi-petergofskii-dvorec","2","санкт-петербург"
"/venues/gastropab-357","2","санкт-петербург"
"/venues/dom-kultury","4","екатеринбург;сретенск;вырица;саратов"
"/venues/dk-zheleznodorozhnikov","6","екатеринбург;санкт-петербург;краснодар;челябинск;могоча;калининград"
"/venues/maksimilians","6","самара;тюмень;новосибирск;красноярск;челябинск;набережные-челны"
"/venues/oranzhereya-tavricheskogo-sada","2","санкт-петербург"
"/venues/restoran-maksimilians","2","екатеринбург;казань"
"/venues/ruki-vverh-bar","18","иваново;ярославль;череповец;новосибирск;набережные-челны;самара;екатеринбург;архангельск;санкт-петербург;moskva;ухта;пермь;тюмень;нижнии-новгород;волгоград;сыктывкар"
"/venues/kitaiskii-letchik-dzhao-da","2","ярославль;moskva"
"/venues/klub-12","2","воронеж;липецк"
"/venues/klub-atmosfera","2","курск"
"/venues/stendap-klub","2","нижнии-новгород;омск"
"/venues/hogvarts-holl","2","красноярск;екатеринбург"
"/venues/base","2","санкт-петербург;moskva"
"/venues/live-stars","2","moskva;москва"
"/venues/zoccolo-2-0","2","санкт-петербург"
"/venues/dk-im-lenina","2","казань;красныи-луч"
"/venues/dom-aktera","4","красноярск;воронеж;самара;екатеринбург"
"/venues/nastoikin","2","moskva"
"/venues/rok-bar-varyag","2","томск"
"/venues/harat-s-pub","9","курган;тверь;чита;саранск;саратов;брянск;тюмень;уфа;сургут"
"/venues/ibiza","2","санкт-петербург"
"/venues/sk-bar","2","чебоксары"
"/venues/spirit-sound-base","2","ярославль"
"/venues/werk","2","казань"
"/venues/bauns","2","moskva"
"/venues/gdk","2","армавир;богородск"
"/venues/dvorec-kultury","6","кировск-ленинградская-область;пикалево;балаково;усолье-сибирское;ступино;красныи-сулин"
"/venues/dvorec-kultury-zheleznodorozhnikov","3","тула;чита;новосибирск"
"/venues/dvorec-kultury-mashinostroitelei","2","курган;узловая"
"/venues/dk-neftehimik","2","салават;ангарск"
"/venues/dom-molodezhi","3","санкт-петербург;донецк-донецкая-область;комсомольск-на-амуре"
"/venues/dom-narodnogo-tvorchestva","2","нижнекамск;санкт-петербург"
"/venues/klub-cult","2","санкт-петербург;нижневартовск"
"/venues/klub-ozz","2","челябинск"
"/venues/koncert-holl","3","владивосток;ставрополь;иркутск"
"/venues/krop-arena","2","краснодар;ростов-на-дону"
"/venues/kulturnyi-centr-vokzal-ozerki","2","санкт-петербург"
"/venues/loft-park-podzemka-zal-osobennyi","2","новосибирск"
"/venues/okruzhnoi-dom-oficerov","2","самара;екатеринбург"
"/venues/panorama","2","сочи"
"/venues/rodnya","2","ростов-на-дону;москва"
"/venues/alcatraz","2","нижнии-новгород"
"/venues/art-club-ploschadka","2","рязань"
"/venues/atmosfera","2","moskva;киров-кировская-область"
"/venues/hype-terrace","2","moskva"
"/venues/sound-club","2","санкт-петербург"
"/venues/treff8","2","moskva;москва"
"/venues/vk-stadium","2","moskva"
"/venues/bar-garazh","2","комсомольск-на-амуре;балабаново"
"/venues/barbados","2","сыктывкар;сочи"
"/venues/berds","2","волгоград"
"/venues/vechno-molodoi","2","екатеринбург;самара"
"/venues/gauptvahta-na-sennoi","2","санкт-петербург"
"/venues/gorodskoi-dvorec-kultury","4","лиски;стерлитамак;новомосковск;тихорецк"
"/venues/gorodskoi-dom-kultury","2","луга;пугачев"
"/venues/dvorec-kultury-metallurg","2","кировград;кандалакша"
"/venues/dvorec-kultury-profsoyuzov","2","симферополь;хабаровск"
"/venues/dk-metallurg","3","подольск;ижевск;шелехов"
"/venues/dk-neftyanik","2","ярославль;тюмень"
"/venues/dk-rossiya","3","серпухов;отрадныи;оренбург"
"/venues/dk-yubileinyi","3","бугуруслан;бузулук;воскресенск"
"/venues/dk-yunost","3","казань;москва;суровикино"
"/venues/dom-muzyki","2","екатеринбург;смоленск"
"/venues/dom-oficerov","3","пенза;белогорск;волгоград"
"/venues/zheleznodorozhnyi-vokzal","2","тверь;владимир"
"/venues/klub-calypso","2","чита"
"/venues/knizhnyi-klub-magazin-giperion","2","москва"
"/venues/kosmos","2","сочи;казань"
"/venues/krysha-depo-tri-vokzala","2","moskva"
"/venues/m-kurskaya","2","moskva"
"/venues/muzei-faberzhe","2","санкт-петербург"
"/venues/podzemka","2","новосибирск"
"/venues/rdk","2","семилуки;акъяр"
"/venues/fabrika","3","екатеринбург;шахты"
"/venues/centr-kultury-i-dosuga","3","куровское;барабинск;плавск"
"/locations/cirk-shapito-karakat-shou","2","воронеж;железногорск"
"/venues/efir","2","кемерово;анапа"
"/venues/arthall","2","санкт-петербург"
"/venues/asgard","2","иваново;буденновск"
"/venues/brooklyn-bowl","2","ижевск;самара"
"/venues/ferrum-rock-n-roll-club","2","волгоград"
"/venues/harat-s-irish-pub","3","нижнекамск;братск;красная-поляна"
"/venues/nebar","2","пермь;екатеринбург"
"/venues/veranda","2","кириши;санкт-петербург"
"/venues/klub-opera","2","набережные-челны"
"/venues/kulturnoe-prostranstvo-gde-babulya","2","санкт-петербург"
"/venues/osobnyak","2","уфа;москва"
"/venues/restoran-cherish","2","санкт-петербург"
"/venues/turbaza-sputnik-ul-zolotaya-1-s-efremkino-shirinskii-raion-hakasiya","2","нижнии-новгород;черногорск"
"/venues/underground","2","томск;липецк"
