"tier","slug","name","type","priority","public_events","public_venues","db_venue_rows","db_ready_event_rows","db_profile_fields","editorial_fields","must_see","faq"
"1","moskva","Москва","city","0,75","1226","362","620","18287","0","5","189","7"
"1","sankt-peterburg","Санкт-Петербург","city","0,75","1140","230","652","19322","0","5","215","7"
"1","ekaterinburg","Екатеринбург","city","0,75","108","38","127","248","0","5","66","4"
"1","krasnoyarsk","Красноярск","city","0,75","84","24","83","1723","0","5","49","4"
"1","ufa","Уфа","city","0,75","79","17","91","99","0","5","55","4"
"1","nizhniy-novgorod","Нижний Новгород","city","0,75","77","39","114","1491","0","5","65","8"
"1","moskovskaya-oblast","Московская область","region","0,7","67","33",,,,"0","0","0"
"1","kazan","Казань","city","0,75","66","37","106","364","0","5","51","4"
"1","krasnodar","Краснодар","city","0,75","65","23","84","141","0","5","52","4"
"1","samara","Самара","city","0,75","63","24","91","91","0","5","51","4"
"1","novosibirsk","Новосибирск","city","0,75","57","32","103","367","0","5","55","8"
"1","tver","Тверь","city","0,75","53","9","79","59","0","5","65","4"
"1","voronezh","Воронеж","city","0,75","48","24","90","56","0","5","54","4"
"1","chelyabinsk","Челябинск","city","0,75","40","17","97","61","0","5","65","4"
"2","kaliningrad","Калининград","city","0,75","38","9","76","144","0","5","48","6"
"2","rostov-na-donu","Ростов-на-Дону","city","0,75","37","16","83","52","0","5","50","4"
"2","perm","Пермь","city","0,75","36","20","87","115","0","5","51","6"
"2","omsk","Омск","city","0,75","34","19","90","39","0","5","65","4"
"2","ryazan","Рязань","city","0,75","31","14","90","34","0","5","72","4"
"2","penza","Пенза","city","0,75","30","11","69","32","0","5","53","4"
"2","yaroslavl","Ярославль","city","0,75","26","12","22","27","0","5","54","4"
"2","saratov","Саратов","city","0,75","24","18","27","52","0","5","51","4"
"2","tyumen","Тюмень","city","0,75","23","10","90","26","0","5","67","4"
"2","sochi","Сочи","city","0,75","22","12","38","225","0","5","50","4"
"2","respublika-tatarstan","Республика Татарстан","region","0,7","21","14",,,,"0","0","0"
"2","volgograd","Волгоград","city","0,75","21","12","24","32","0","5","52","4"
"2","ulyanovsk","Ульяновск","city","0,75","20","9","17","20","0","4","6","3"
"2","tula","Тула","city","0,75","18","13","22","34","0","5","50","4"
"2","kirov-kirovskaya-oblast","Киров (Кировская область)","city","0,75","17","12","21","17","0","5","6","3"
"2","vladimir","Владимир","city","0,75","17","10","19","20","0","4","6","3"
"2","barnaul","Барнаул","city","0,75","15","10","19","22","0","6","50","4"
"2","izhevsk","Ижевск","city","0,75","15","9","19","15","0","4","6","3"
"2","vologodskaya-oblast","Вологодская область","region","0,7","12","10",,,,"0","0","0"
"2","krasnodarskiy-kray","Краснодарский край","region","0,7","10","4",,,,"0","0","0"
"2","rostovskaya-oblast","Ростовская область","region","0,7","10","8",,,,"0","0","0"
"3","irkutsk","Иркутск","city","0,75","14","10","18","15","0","4","6","3"
"3","surgut","Сургут","city","0,75","14","6","9","17","0","4","8","2"
"3","cheboksary","Чебоксары","city","0,75","13","6","21","31","0","5","6","3"
"3","ivanovo","Иваново","city","0,75","13","6","14","14","0","5","6","3"
"3","smolensk","Смоленск","city","0,75","13","5","14","15","0","6","50","4"
"3","bryansk","Брянск","city","0,75","12","7","15","12","0","5","6","3"
"3","lipeck","Липецк","city","0,75","12","5","17","14","0","5","6","3"
"3","orenburg","Оренбург","city","0,75","12","8","20","26","0","4","6","3"
"3","stavropol","Ставрополь","city","0,75","12","6","16","24","0","4","6","3"
"3","vladivostok","Владивосток","city","0,75","12","8","16","36","0","4","6","3"
"3","novokuzneck","Новокузнецк","city","0,75","11","7","9","11","0","0","0","0"
"3","tolyatti","Тольятти","city","0,75","11","6","10","24","0","4","8","2"
"3","tomsk","Томск","city","0,75","11","5","16","18","0","4","6","3"
"3","habarovsk","Хабаровск","city","0,75","10","7","15","10","0","5","6","3"
"3","kursk","Курск","city","0,75","10","6","16","10","0","5","6","3"
"3","kurgan","Курган","city","0,75","9","5","15","10","0","5","6","3"
"3","tambov","Тамбов","city","0,75","9","5","16","9","0","5","6","3"
"3","yoshkar-ola","Йошкар-Ола","city","0,75","9","6","13","13","0","5","6","3"
"3","chita","Чита","city","0,75","8","7","17","8","0","5","6","3"
"3","kaluzhskaya-oblast","Калужская область","region","0,7","8","5",,,,"0","0","0"
"3","respublika-bashkortostan","Республика Башкортостан","region","0,7","8","8",,,,"0","0","0"
"3","saransk","Саранск","city","0,75","8","5","16","8","0","5","6","3"
"3","vologda","Вологда","city","0,75","8","6","14","9","0","4","6","3"
"3","arhangelsk","Архангельск","city","0,75","7","5","12","7","0","5","6","3"
"3","habarovskiy-kray","Хабаровский край","region","0,7","7","5",,,,"0","0","0"
"3","kemerovo","Кемерово","city","0,75","7","5","14","7","0","5","6","3"
"3","orel","Орёл","city","0,75","7","5","11","8","0","4","6","3"
"3","pskov","Псков","city","0,75","7","5","11","7","0","4","6","3"
"3","kaluga","Калуга","city","0,75","6","5","12","6","0","5","6","3"
"3","leningradskaya-oblast","Ленинградская область","region","0,7","6","5",,,,"0","0","0"
"3","murmansk","Мурманск","city","0,75","6","4","13","6","0","5","6","3"
"3","yuzhno-sahalinsk","Южно-Сахалинск","city","0,75","6","5","14","7","0","5","6","3"
"3","nizhegorodskaya-oblast","Нижегородская область","region","0,7","4","3",,,,"0","0","0"
"3","permskiy-kray","Пермский край","region","0,7","3","3",,,,"0","0","0"
"3","primorskiy-kray","Приморский край","region","0,7","3","3",,,,"0","0","0"
"3","stavropolskiy-kray","Ставропольский край","region","0,7","3","2",,,,"0","0","0"
"3","tulskaya-oblast","Тульская область","region","0,7","3","3",,,,"0","0","0"
"3","voronezhskaya-oblast","Воронежская область","region","0,7","3","3",,,,"0","0","0"
"3","yaroslavskaya-oblast","Ярославская область","region","0,7","3","3",,,,"0","0","0"
