"url","excluded_ids","resolved_id","resolved_city","collision_records","distinct_cities","fresh_detail","http_now"
"https://daibilet.ru/venues/ruki-vverh-bar","venue_657414a00f5c3de0af16b51a","venue_619fb565307459ca4cf50994","тюмень","18","16","200","200"
"https://daibilet.ru/venues/dk-zheleznodorozhnikov","venue_5a6f0800d35286001fa55974","venue_567e7aec9cb53834fc856431","челябинск","6","6","200","200"
"https://daibilet.ru/locations/prichal-na-naberezhnoi-reki-fontanki-d-71","venue_64ca285357eaafa76c712577",,,"1","1","404","200"
"https://daibilet.ru/venues/klub-12","venue_685d6aa091edda6a11447a48","venue_5bedde942172ec000cfb7f26","воронеж","2","2","200","200"
"https://daibilet.ru/venues/dk-rossiya","venue_577b63a09cb5380595b54be2;venue_62148e23b2f3e2b0500e05b8","venue_5daaf73759e939205a06fde4","оренбург","3","3","200","200"
"https://daibilet.ru/venues/dk-im-lenina","venue_6a9c515b4842d75d33f71190","venue_5d5eca0ec64e8b3cf8a6741d","казань","2","2","200","200"
"https://daibilet.ru/venues/dk-yubileinyi","venue_691d8b1152938b8bd6eb1cfb","venue_63899dd178d0cd8e461e78bc","бузулук","3","3","200","200"
"https://daibilet.ru/venues/zheleznodorozhnyi-vokzal","venue_675268eb6c22678f7b3ea08d","venue_65072389dbb47a1398bbde30","владимир","2","2","200","200"
"https://daibilet.ru/venues/fabrika","venue_6a99d041b8369580977e0ff3","venue_5d55270bb294d92e013e6376","екатеринбург","3","2","200","200"
